n_tokens,time_ratio,on_ratio,off_ratio,pitch_mean,pitch_std,pitch_range
15632,0.4630245649948823,0.26848771750255884,0.26848771750255884,65.1493924231594,13.045797621652094,75.0
15284,0.44962051818895576,0.2751897409055221,0.2751897409055221,65.24774132192107,13.025924747808054,75.0
12290,0.45874694873881205,0.270626525630594,0.270626525630594,65.99609140108238,13.6648632422285,75.0
23083,0.45275744054065764,0.2736212797296712,0.2736212797296712,60.58185560481317,13.032712536156124,81.0
19555,0.4515980567629762,0.27420097161851187,0.27420097161851187,63.096232748974266,12.729726726854045,77.0
7697,0.4301675977653631,0.2849162011173184,0.2849162011173184,65.52165982672139,13.64736028851772,72.0
19505,0.4471161240707511,0.27644193796462446,0.27644193796462446,61.41728486646884,12.605821427988765,77.0
23405,0.44473403118991667,0.27763298440504164,0.27763298440504164,61.18836565096953,15.181944860426523,75.0
22036,0.44472681067344344,0.2776365946632783,0.2776365946632783,61.82216410591697,14.723586533733938,75.0
22308,0.43329747175901023,0.2833512641204949,0.2833512641204949,61.4405948425882,14.862433801924709,73.0
7327,0.4802784222737819,0.25986078886310904,0.25986078886310904,63.81144957983193,13.152213891648032,82.0
23099,0.46040954153859476,0.26979522923070265,0.26979522923070265,61.18405006418485,13.678348699124802,78.0
23310,0.4683826683826684,0.2658086658086658,0.2658086658086658,61.27453195610071,13.774596646478908,78.0
23420,0.46883005977796754,0.2655849701110162,0.2655849701110162,61.17813504823151,13.691271108284289,78.0
23177,0.4668852741942443,0.26655736290287785,0.26655736290287785,61.26545807704759,13.719656762084625,78.0
34488,0.4498956158663883,0.27505219206680587,0.27505219206680587,61.005376344086024,12.817186856599143,73.0
34729,0.451467073627228,0.27426646318638603,0.27426646318638603,60.92776902887139,12.820711201223686,73.0
35792,0.4564707197139026,0.27176464014304874,0.27176464014304874,61.155546417189264,12.899599877881363,73.0
26585,0.43456836561971035,0.2827158171901448,0.2827158171901448,64.88344864289516,14.517372743162372,82.0
27104,0.4370572609208973,0.2814713695395514,0.2814713695395514,64.59365578712806,14.630272471269134,83.0
28061,0.43622821709846404,0.281885891450768,0.281885891450768,64.5378002528445,14.78810382986891,84.0
26592,0.4323104693140794,0.28384476534296027,0.28384476534296027,64.68203497615262,14.395774585154033,83.0
27507,0.42625513505653106,0.2868724324717345,0.2868724324717345,64.89443670003801,14.958079663759126,85.0
26827,0.42923174413836807,0.28538412793081597,0.28538412793081597,65.17032392894461,14.20176623743984,84.0
28198,0.42754805305340804,0.286225973473296,0.286225973473296,64.6159088093173,14.64394801256588,84.0
12711,0.45197073400991267,0.27401463299504364,0.27401463299504364,66.10651737008327,13.432912837609473,60.0
45491,0.4360642764502869,0.28196786177485655,0.28196786177485655,63.494893583846576,13.012364107715628,77.0
27183,0.43626531287937315,0.28186734356031345,0.28186734356031345,69.99634560167058,16.374116978416644,84.0
11214,0.45532370251471377,0.2723381487426431,0.2723381487426431,66.25605762933857,18.01005470224392,87.0
25915,0.4593092803395717,0.2703453598302142,0.2703453598302142,67.12532115329718,13.779139408801583,84.0
5804,0.46106133700895935,0.2694693314955203,0.2694693314955203,65.13171355498721,14.003262019672649,79.0
5884,0.46261046906866077,0.2686947654656696,0.2686947654656696,64.50853889943075,14.37276253191332,74.0
3591,0.46421609579504314,0.2678919521024784,0.2678919521024784,65.997920997921,12.873686512011977,64.0
17465,0.45170340681362725,0.27414829659318635,0.27414829659318635,63.647869674185465,13.220262323272232,77.0
29876,0.4635828089436337,0.26820859552818316,0.26820859552818316,66.34394109571946,14.11393132066231,84.0
7240,0.474585635359116,0.262707182320442,0.262707182320442,64.02996845425868,13.03746304254611,77.0
5120,0.47421875,0.262890625,0.262890625,64.09361069836552,10.47888292751773,64.0
4886,0.4645927138763815,0.26770364306180927,0.26770364306180927,64.24847094801223,10.319300188365311,62.0
10923,0.455644053831365,0.2721779730843175,0.2721779730843175,67.14026236125126,17.042975206818245,87.0
27075,0.45824561403508773,0.27087719298245616,0.27087719298245616,61.02904281428961,15.439753397806495,83.0
21406,0.4591236102027469,0.2704381948986265,0.2704381948986265,65.95335982034894,12.957811922433208,81.0
27027,0.45047545047545046,0.27476227476227477,0.27476227476227477,67.14395367627256,13.635086439544562,84.0
22352,0.45624552612741587,0.27187723693629207,0.27187723693629207,65.77719269376337,12.888123294396442,81.0
26766,0.4567735186430546,0.2716132406784727,0.2716132406784727,67.0433287482806,13.736763549901402,84.0
7554,0.4654487688641779,0.267275615567911,0.267275615567911,70.04210004952947,14.584817455012342,82.0
21494,0.46654880431748397,0.26672559784125804,0.26672559784125804,66.1667538810396,12.866111261507822,81.0
10319,0.45556739994185486,0.2722163000290726,0.2722163000290726,64.13385546457815,13.158746370095797,81.0
17709,0.443559771867412,0.278220114066294,0.278220114066294,67.83011974832556,12.843145221554018,84.0
16975,0.44883652430044185,0.2755817378497791,0.2755817378497791,67.66631038905516,12.738516280648469,84.0
16734,0.44579897215250386,0.27710051392374807,0.27710051392374807,67.88419236575372,12.739631567930441,84.0
17338,0.4540316068750721,0.272984196562464,0.272984196562464,67.86794844707374,12.685808676083653,84.0
17052,0.45554773633591367,0.27222613183204314,0.27222613183204314,67.76044808272296,12.663490236819554,84.0
17301,0.4520547945205479,0.273972602739726,0.273972602739726,67.56835443037974,12.87870100150607,84.0
5836,0.4609321453050034,0.26953392734749826,0.26953392734749826,64.29942784488239,13.566674360392394,79.0
11653,0.46211276066249035,0.26894361966875485,0.26894361966875485,65.15890236119975,18.491023595607487,83.0
5111,0.4408139307376247,0.2795930346311876,0.2795930346311876,68.14135759272219,15.071219908671242,77.0
11379,0.4544336057650057,0.27278319711749716,0.27278319711749716,66.36243556701031,17.443199979112556,85.0
6222,0.4532304725168756,0.2733847637415622,0.2733847637415622,60.154027042915935,14.171695236070175,75.0
11001,0.4535042268884647,0.27324788655576765,0.27324788655576765,67.53326679973387,16.679617456535073,85.0
3621,0.4664457332228666,0.2667771333885667,0.2667771333885667,56.3592132505176,13.412408619300539,66.0
6038,0.46505465385889366,0.26747267307055317,0.26747267307055317,68.27863777089783,11.039209965312905,66.0
5116,0.4437060203283815,0.2781469898358092,0.2781469898358092,68.16163035839776,15.099176119188199,77.0
35434,0.4503584128238415,0.27482079358807926,0.27482079358807926,65.03953583898131,14.941866464893623,85.0
20396,0.4637183761521867,0.26814081192390665,0.26814081192390665,63.87365149021759,13.223660020752183,78.0
15923,0.4720844062048609,0.26395779689756954,0.26395779689756954,59.97287651677373,14.345826502014896,79.0
14361,0.47608105285147273,0.26195947357426363,0.26195947357426363,62.44417862838915,11.82789907693469,79.0
4545,0.456985698569857,0.27150715071507153,0.27150715071507153,66.97893030794165,10.393375125803834,53.0
6016,0.472406914893617,0.2637965425531915,0.2637965425531915,66.0119722747322,11.15149650531219,61.0
3717,0.4737691686844229,0.26311541565778856,0.26311541565778856,64.74130879345603,9.932262973553017,49.0
4714,0.481120067882902,0.259439966058549,0.259439966058549,65.75143090760425,8.21354578852555,48.0
6408,0.4715980024968789,0.26420099875156056,0.26420099875156056,65.80330773774365,8.323902966079057,48.0
3145,0.463275039745628,0.268362480127186,0.268362480127186,65.75355450236967,8.442918127782143,48.0
6438,0.4457906182044113,0.2771046908977943,0.2771046908977943,68.98710762331838,8.944795298641862,53.0
4390,0.4660592255125285,0.2669703872437358,0.2669703872437358,65.2815699658703,11.384270100728173,55.0
3242,0.458975940777298,0.270512029611351,0.270512029611351,66.06271379703534,10.448742824607233,48.0
7792,0.43634496919917864,0.2818275154004107,0.2818275154004107,63.40938069216758,10.931042483697162,55.0
7035,0.47064676616915424,0.2646766169154229,0.2646766169154229,65.32706766917293,8.94996882032486,47.0
5858,0.45510413110276543,0.27244793444861726,0.27244793444861726,63.53884711779449,11.868235218100704,55.0
25030,0.4617658809428686,0.26911705952856574,0.26911705952856574,68.83269002375297,9.81466044386561,56.0
6275,0.47410358565737054,0.26294820717131473,0.26294820717131473,67.61575757575757,8.792089774786035,46.0
11354,0.45657917914391405,0.271710410428043,0.271710410428043,64.67520259319286,11.161443139909776,53.0
11396,0.4555984555984556,0.2722007722007722,0.2722007722007722,64.80399742101869,11.126678553770482,55.0
5553,0.47091662164595716,0.2645416891770214,0.2645416891770214,67.10483321987746,8.182393877120534,52.0
4908,0.4731051344743276,0.26344743276283616,0.26344743276283616,65.57308584686776,11.322603425339528,60.0
2277,0.4519104084321476,0.2740447957839262,0.2740447957839262,63.006410256410255,8.377126056106283,43.0
5556,0.4636429085673146,0.2681785457163427,0.2681785457163427,64.38523489932886,13.005287390619536,75.0
1540,0.474025974025974,0.262987012987013,0.262987012987013,62.85679012345679,8.702730354470285,48.0
26898,0.4355714179492899,0.28221429102535506,0.28221429102535506,61.10696877881702,11.215081151351768,75.0
26681,0.4366777856901915,0.2816611071549042,0.2816611071549042,61.252295409181635,11.192667307259258,75.0
27460,0.44231609613983974,0.2788419519300801,0.2788419519300801,61.03317226067651,11.376834321576075,75.0
27206,0.4396824229949276,0.2801587885025362,0.2801587885025362,61.01311991603254,11.394610169242291,75.0
25976,0.45826917154296276,0.2708654142285186,0.2708654142285186,61.152643547470156,11.32113076611527,75.0
27267,0.4426962995562401,0.27865185022187994,0.27865185022187994,61.22111081863648,11.31543317239806,75.0
26439,0.4404478232913499,0.27977608835432505,0.27977608835432505,61.330269027984315,11.171310669255986,75.0
27736,0.4524084222670897,0.27379578886645517,0.27379578886645517,60.71135106663155,11.648613101664269,75.0
26971,0.4420674057320826,0.2789662971339587,0.2789662971339587,61.139952153110045,11.201857415941728,75.0
26302,0.44696220819709526,0.27651889590145234,0.27651889590145234,61.17846830743847,11.237999683882641,75.0
26200,0.4445038167938931,0.2777480916030534,0.2777480916030534,61.39219458568091,11.240769970529826,75.0
26737,0.452743389310693,0.2736283053446535,0.2736283053446535,61.01667577911427,11.609087318091328,77.0
26113,0.4394362960977291,0.2802818519511355,0.2802818519511355,61.42396502254406,11.21174211087126,75.0
27222,0.44339137462346634,0.27830431268826683,0.27830431268826683,61.28247096092925,11.199470072409667,77.0
27320,0.4486822840409956,0.2756588579795022,0.2756588579795022,61.35068384012747,11.180030164950706,75.0
26799,0.4438598455166238,0.27807007724168814,0.27807007724168814,61.059983896940416,11.363180523281278,75.0
26882,0.4406666170671825,0.27966669146640877,0.27966669146640877,61.17358339984038,11.273714172362103,75.0
27092,0.4360696884689207,0.28196515576553965,0.28196515576553965,61.37164550333814,11.20009197604048,75.0
27787,0.44348076438622375,0.2782596178068881,0.2782596178068881,61.00323331608898,11.51727216366654,75.0
26959,0.4384064690826811,0.28079676545865945,0.28079676545865945,61.25336856010568,11.214364014567103,75.0
27542,0.4388207101880764,0.2805896449059618,0.2805896449059618,61.221014492753625,11.384936717609463,75.0
26916,0.43840095110714816,0.2807995244464259,0.2807995244464259,60.99206139190262,11.338716372516975,75.0
26646,0.43931546948885386,0.28034226525557304,0.28034226525557304,61.109638554216865,11.316992744053312,75.0
26729,0.44158030603464404,0.279209846982678,0.279209846982678,61.256733217204875,11.317083991846074,77.0
17042,0.44372726205844387,0.2781363689707781,0.2781363689707781,64.634388185654,11.456774337141372,79.0
16453,0.44131769282197775,0.2793411535890111,0.2793411535890111,64.64120974760661,11.476196226301958,77.0
16931,0.44031657905616917,0.2798417104719154,0.2798417104719154,64.78408611228366,11.41104417236223,77.0
15256,0.44297325642370217,0.27851337178814894,0.27851337178814894,76.91033184278653,16.07612243374046,75.0
14954,0.44723819713788954,0.27638090143105526,0.27638090143105526,76.77498185337527,15.905074182108027,75.0
16107,0.4371391320543863,0.28143043397280687,0.28143043397280687,76.08052062651666,16.575383886214016,75.0
22162,0.4570887104051981,0.271455644797401,0.271455644797401,75.77908909574468,15.110769029391427,82.0
44225,0.43005087620124366,0.2849745618993782,0.2849745618993782,64.54629850035705,17.956805302917978,83.0
44395,0.4324586102038518,0.2837706948980741,0.2837706948980741,64.45197650420701,17.806590083551626,83.0
26222,0.44741057127602774,0.2762947143619861,0.2762947143619861,60.150448585231196,16.970017855322116,79.0
25654,0.4516254775083808,0.2741872612458096,0.2741872612458096,60.098237133920954,16.931795132247693,79.0
26733,0.4523622489058467,0.2738188755470766,0.2738188755470766,59.75628415300547,17.128951663764624,79.0
26341,0.44808473482403854,0.27595763258798073,0.27595763258798073,60.22368964094098,17.059122430192502,82.0
12416,0.45924613402061853,0.27037693298969073,0.27037693298969073,74.19183795055109,14.33276654073816,70.0
10575,0.47290780141843974,0.26354609929078016,0.26354609929078016,65.6114101184069,14.342048365925526,79.0
12125,0.4599587628865979,0.270020618556701,0.270020618556701,74.26725717776421,14.302358823627992,69.0
12048,0.46198539176626824,0.26900730411686585,0.26900730411686585,74.19777846343722,14.158731484904575,69.0
12381,0.45432517567240127,0.27283741216379936,0.27283741216379936,74.26494967436354,14.523188110999362,71.0
11835,0.4577101816645543,0.2711449091677229,0.2711449091677229,74.06699906512932,14.352272312644548,69.0
10709,0.47539452796713044,0.2623027360164348,0.2623027360164348,65.5681737273051,14.42745191358612,79.0
10645,0.4724283701268201,0.2637858149365899,0.2637858149365899,65.56517094017094,14.416994879396533,79.0
44576,0.42803302225412776,0.2859834888729361,0.2859834888729361,64.59750549105742,17.484288075765754,83.0
44028,0.4272281275551921,0.28638593622240394,0.28638593622240394,64.46926798318661,17.809404879462928,83.0
43044,0.423798903447635,0.28810054827618253,0.28810054827618253,64.49117006693008,17.47716443710876,83.0
43334,0.4268703558406794,0.28656482207966033,0.28656482207966033,64.09937187952971,17.632007635999454,83.0
45250,0.4350939226519337,0.28245303867403315,0.28245303867403315,64.70636100461623,17.632050601750326,83.0
69109,0.453992967630844,0.27300351618457797,0.27300351618457797,68.64525361742726,15.603824488183998,78.0
14477,0.44587967120259725,0.2770601643987014,0.2770601643987014,77.36748940413862,15.79375233973581,75.0
14885,0.4438696674504535,0.27806516627477323,0.27806516627477323,76.81879681082387,16.00234110687337,76.0
15580,0.44441591784338896,0.2777920410783055,0.2777920410783055,76.71719038817005,16.304857929650332,74.0
14885,0.45112529392005374,0.27443735303997313,0.27443735303997313,77.00514075887394,15.998354352671742,75.0
15078,0.44462130256002125,0.2776893487199894,0.2776893487199894,76.82063529973728,16.24228645800312,75.0
14919,0.44312621489375964,0.2784368925531202,0.2784368925531202,77.04044294655753,15.768984062068746,78.0
15430,0.42812702527543745,0.2859364873622813,0.2859364873622813,72.9798277425204,15.690059599416655,76.0
15813,0.4311009928539809,0.2844495035730096,0.2844495035730096,73.30880391285015,15.893403746560699,79.0
17743,0.40821732514230963,0.29589133742884516,0.29589133742884516,68.05238095238096,15.896082747394658,81.0
18418,0.4204582473667065,0.2897708763166468,0.2897708763166468,68.42814315158328,16.06609155647964,78.0
34163,0.4304949799490677,0.28475251002546614,0.28475251002546614,67.45127467105263,16.835867468239005,86.0
35261,0.43087263548963445,0.2845636822551828,0.2845636822551828,67.86306557703807,16.847531910735235,79.0
34556,0.42475981016321335,0.28762009491839335,0.28762009491839335,67.67763356474494,16.70688317614806,79.0
35866,0.422795962750237,0.2886020186248815,0.2886020186248815,67.32653849869578,16.868355756772807,84.0
34766,0.43226140482080194,0.28386929758959906,0.28386929758959906,67.71597932921269,17.286693114846237,83.0
35103,0.4307039284391647,0.28464803578041764,0.28464803578041764,67.61829463570857,16.83799370470422,79.0
36033,0.4246385257957983,0.28768073710210085,0.28768073710210085,67.48552961605247,16.912559363777618,86.0
35185,0.4154327128037516,0.2922836435981242,0.2922836435981242,67.6022948269156,16.726613464804544,85.0
14836,0.4476947964410892,0.2761526017794554,0.2761526017794554,77.20063461069076,15.80176098013216,74.0
15286,0.4464215622137904,0.2767892188931048,0.2767892188931048,77.03994327582132,16.12904596527743,75.0
18788,0.44602938045560997,0.27698530977219504,0.27698530977219504,71.74269792467332,16.734466408360547,79.0
24543,0.4245202298007579,0.28773988509962106,0.28773988509962106,68.02931180968564,15.703465518519574,76.0
41382,0.4288337924701561,0.28558310376492196,0.28558310376492196,70.32162802504654,16.202080214364525,81.0
41447,0.4235529712645065,0.28822351436774674,0.28822351436774674,70.47112004018081,16.151889070433878,84.0
41777,0.4315053737702564,0.28424731311487184,0.28424731311487184,70.14105263157894,16.46267545396231,81.0
42540,0.4293370944992948,0.2853314527503526,0.2853314527503526,70.13519525457242,16.42731195502855,81.0
41094,0.42711831410911566,0.28644084294544214,0.28644084294544214,70.0738255033557,16.19952174507455,81.0
42315,0.42431761786600497,0.2878411910669975,0.2878411910669975,70.18538587848933,16.295847030271872,81.0
41665,0.4314652586103444,0.28426737069482777,0.28426737069482777,70.60089496791625,16.220139036940722,81.0
40656,0.4297520661157025,0.28512396694214875,0.28512396694214875,70.03899240855763,16.376412470048997,81.0
41372,0.4172387121724838,0.2913806439137581,0.2913806439137581,69.96200746578184,16.16835062581515,83.0
40412,0.4191824210630506,0.2904087894684747,0.2904087894684747,70.09117246080436,16.38300126738615,84.0
19284,0.4333125907488073,0.2833437046255963,0.2833437046255963,71.94637628111273,16.839345573478774,81.0
18804,0.4402254839395873,0.27988725803020637,0.27988725803020637,71.3230096902907,16.904246226207498,79.0
19431,0.4290566620348927,0.28547166898255366,0.28547166898255366,71.70849107625743,16.945206078019716,79.0
60344,0.4339122365106721,0.28304388174466394,0.28304388174466394,63.282669789227164,16.40507302560004,82.0
56822,0.4343036147970856,0.28284819260145716,0.28284819260145716,63.57093081134893,16.173079882068485,82.0
59057,0.431295189393298,0.284352405303351,0.284352405303351,63.289465848865596,16.29541034071782,82.0
59784,0.4307507025291048,0.2846246487354476,0.2846246487354476,64.0235660554772,16.43288116350946,82.0
57400,0.4321254355400697,0.28393728222996517,0.28393728222996517,63.38569149588906,16.270001318137183,82.0
57678,0.4331287492631506,0.2834356253684247,0.2834356253684247,63.503976021531685,16.34172694327429,83.0
58479,0.4302912156500624,0.2848543921749688,0.2848543921749688,63.735442430063635,16.248318983194626,82.0
7396,0.4691725256895619,0.26541373715521904,0.26541373715521904,67.08048904737646,14.140681760700916,75.0
7425,0.45966329966329966,0.27016835016835017,0.27016835016835017,67.27417746759721,14.321740969700617,79.0
41357,0.42665086926034285,0.28667456536982855,0.28667456536982855,70.01796558704453,16.227042262362872,81.0
43053,0.41760156086683853,0.29119921956658074,0.29119921956658074,69.53928372018824,16.584816731853813,84.0
27453,0.43488871890139513,0.28255564054930243,0.28255564054930243,69.18486528297022,14.995847919966206,78.0
27768,0.44173148948429847,0.27913425525785074,0.27913425525785074,69.27777061024383,15.091177581771412,78.0
27101,0.43972547138481977,0.2801372643075901,0.2801372643075901,69.16649104320337,15.218402786326987,78.0
26528,0.44647165259348615,0.27676417370325695,0.27676417370325695,69.18618904930537,15.219042106996598,79.0
8759,0.4236785021121133,0.2881607489439434,0.2881607489439434,63.259112519809825,16.02979274082498,77.0
24633,0.41882840092558765,0.2905857995372062,0.2905857995372062,64.85205364626991,15.714581621965719,84.0
23351,0.4061924542846131,0.2969037728576935,0.2969037728576935,64.74686282994375,16.127568864067708,83.0
15366,0.44774176753872186,0.27612911623063907,0.27612911623063907,71.92882394532171,12.774578006006886,72.0
15416,0.44551115723923196,0.277244421380384,0.277244421380384,72.1607393542349,12.933024369460082,72.0
15081,0.4410185000994629,0.27949074995026857,0.27949074995026857,71.87544483985765,12.889820609144463,72.0
15491,0.4443225098444258,0.2778387450777871,0.2778387450777871,72.06040892193309,12.846302370376746,72.0
15685,0.43959196684730634,0.2802040165763468,0.2802040165763468,72.06188850967008,12.723104907266654,73.0
11829,0.4631837010736326,0.2684081494631837,0.2684081494631837,74.10456692913385,14.458861367913592,70.0
27342,0.4294491990344525,0.2852754004827738,0.2852754004827738,69.4174358974359,16.22517365367917,84.0
26764,0.428336571513974,0.285831714243013,0.285831714243013,69.77529411764706,16.361611098053647,84.0
10626,0.46320346320346323,0.2683982683982684,0.2683982683982684,71.97931276297335,13.600539593250152,71.0
16179,0.4470610050064899,0.27646949749675503,0.27646949749675503,58.77531857813548,16.609191274111428,77.0
19220,0.4376690946930281,0.28116545265348597,0.28116545265348597,70.4559585492228,14.670880576383707,77.0
44790,0.4504576914489841,0.2747711542755079,0.2747711542755079,66.92882099618103,16.10281635300076,78.0
46104,0.4493319451674475,0.2753340274162763,0.2753340274162763,66.59059398140855,16.20336460410523,82.0
22406,0.4105150406141212,0.2947424796929394,0.2947424796929394,64.40884312537855,16.297906709373187,84.0
24941,0.4140571749328415,0.2929714125335792,0.2929714125335792,64.80990830710277,16.16624053562786,82.0
14451,0.45028025742163175,0.27485987128918415,0.27485987128918415,71.73136958710977,13.161139846218624,72.0
32136,0.4279312920089619,0.286034353995519,0.286034353995519,66.47312880765884,18.006228260826077,83.0
22041,0.46145819155210743,0.2692709042239463,0.2692709042239463,64.25779275484415,11.286015659511452,72.0
24224,0.4634247027741083,0.26828764861294585,0.26828764861294585,63.780889367595016,11.21670321022222,72.0
22554,0.46155892524607606,0.26922053737696194,0.26922053737696194,64.20734519104084,11.216488313183815,72.0
22514,0.45589411033134936,0.2720529448343253,0.2720529448343253,64.23689795918368,11.191886719250087,72.0
21275,0.45494712103407753,0.27252643948296124,0.27252643948296124,64.41134874094516,11.293322802409767,72.0
21912,0.4543629061701351,0.27281854691493246,0.27281854691493246,64.19889595182335,11.262140861328653,72.0
22552,0.4576977651649521,0.27115111741752396,0.27115111741752396,64.55715453802127,13.225305746922634,72.0
13922,0.457261887659819,0.2713690561700905,0.2713690561700905,63.60905240868184,13.14952058384129,72.0
23398,0.4617488674245662,0.2691255662877169,0.2691255662877169,64.55788470700334,13.307441616852778,72.0
23603,0.46184807016057283,0.2690759649197136,0.2690759649197136,64.53676586364352,13.24579097724817,72.0
14072,0.46674246731097213,0.26662876634451393,0.26662876634451393,63.94616204690831,13.232998151120457,72.0
23246,0.4576271186440678,0.2711864406779661,0.2711864406779661,64.57630076142132,13.23575339908999,72.0
19793,0.4554640529480119,0.272267973525994,0.272267973525994,63.96808313230655,13.180411011108111,72.0
23116,0.4569994808790448,0.2715002595604776,0.2715002595604776,64.6059592096877,13.263979944871034,72.0
13941,0.46345312387920523,0.2682734380603974,0.2682734380603974,63.84572192513369,13.227321238732388,72.0
14093,0.4533456325835521,0.27332718370822395,0.27332718370822395,63.650571131879545,13.141707767982927,72.0
23257,0.4635593584727179,0.26822032076364105,0.26822032076364105,64.69076627124078,13.281586016512284,72.0
21404,0.45365352270603626,0.2731732386469819,0.2731732386469819,63.94817855310416,12.950124015098428,72.0
23560,0.45865874363327674,0.27067062818336163,0.27067062818336163,64.52689352360044,13.238441499968168,72.0
14206,0.4588202168097987,0.27058989159510066,0.27058989159510066,63.61238293444329,13.119641273358148,72.0
14010,0.45310492505353317,0.2734475374732334,0.2734475374732334,63.705559906029755,13.20789208609271,72.0
17679,0.4494032467899768,0.2752983766050116,0.2752983766050116,59.30244503801109,11.29095563930832,63.0
17829,0.44270570418980315,0.2786471479050984,0.2786471479050984,59.45309983896941,11.220444018931722,63.0
17552,0.43972196900638105,0.2801390154968095,0.2801390154968095,59.38763473662802,11.2678229161933,63.0
17750,0.45577464788732397,0.27211267605633804,0.27211267605633804,59.55072463768116,11.307110136570337,63.0
17378,0.45298653469904476,0.2735067326504776,0.2735067326504776,59.71660004207869,11.288456819476064,63.0
17807,0.45527039928118157,0.27236480035940924,0.27236480035940924,59.51257731958763,11.235948684555293,63.0
11535,0.45366276549631557,0.2731686172518422,0.2731686172518422,65.11678832116789,13.169175104331092,71.0
11568,0.4612724757952974,0.2693637621023513,0.2693637621023513,65.17265725288831,13.267891381809504,71.0
11548,0.459300311742293,0.2703498441288535,0.2703498441288535,65.20435618193466,13.236497849590185,71.0
11742,0.46329415772440813,0.26835292113779596,0.26835292113779596,65.17708663916217,13.176067492680616,71.0
11616,0.45712809917355374,0.27143595041322316,0.27143595041322316,65.14716143355534,13.15849992335971,71.0
11677,0.45962147811938,0.27018926094031004,0.27018926094031004,65.21109350237718,13.186573055456194,71.0
9726,0.47953937898416615,0.26023031050791695,0.26023031050791695,57.39747135519558,9.085139759382905,50.0
9821,0.48050096731493736,0.2597495163425313,0.2597495163425313,57.341042728341826,9.223206564326798,50.0
10008,0.4790167865707434,0.2604916067146283,0.2604916067146283,57.1837360951285,9.317339104192863,50.0
9977,0.48601784103437906,0.25699107948281047,0.25699107948281047,57.34984399375975,9.130429270587973,50.0
9950,0.4822110552763819,0.25889447236180907,0.25889447236180907,57.294642857142854,9.127703506414985,50.0
9995,0.48574287143571787,0.2571285642821411,0.2571285642821411,57.18443579766537,9.310020906158881,50.0
9930,0.4827794561933535,0.25861027190332325,0.25861027190332325,57.32671339563863,9.12936805922779,51.0
9939,0.48123553677432335,0.2593822316128383,0.2593822316128383,57.304499612102404,9.154860418392836,50.0
10089,0.4833977599365646,0.25830112003171773,0.25830112003171773,57.19109746738296,9.268751781031481,50.0
9976,0.481355252606255,0.2593223736968725,0.2593223736968725,57.22033243138771,9.281085222768711,51.0
9795,0.47789688616641146,0.26105155691679427,0.26105155691679427,57.30465389127884,9.191647315630052,50.0
9713,0.48172552249562445,0.2591372387521878,0.2591372387521878,57.396503774334526,9.183562409397565,50.0
14348,0.45957624756063564,0.2702118762196822,0.2702118762196822,63.660820221821,13.144609267544372,72.0
21689,0.47235926045460835,0.26382036977269585,0.26382036977269585,61.65152044739602,12.175642307556375,72.0
10053,0.4879140555058192,0.25604297224709044,0.25604297224709044,57.32556332556332,9.145146978630407,50.0
28370,0.4548466690165668,0.2725766654917166,0.2725766654917166,63.05664037242985,12.381637682580065,72.0
28686,0.45973645680819913,0.27013177159590046,0.27013177159590046,62.90037424183765,12.718596248395766,72.0
28068,0.45974062989881714,0.27012968505059143,0.27012968505059143,63.03020311263519,12.454433346502991,72.0
8734,0.4756125486604076,0.2621937256697962,0.2621937256697962,57.04279475982533,12.876433334614,60.0
8720,0.4754587155963303,0.2622706422018349,0.2622706422018349,57.073895933537386,12.864170686259808,60.0
8802,0.48148148148148145,0.25925925925925924,0.25925925925925924,57.062664329535494,12.922645183766361,60.0
31966,0.45579678408308827,0.27210160795845584,0.27210160795845584,65.79420556449759,12.436528336374474,72.0
33470,0.4574843143113236,0.27125784284433824,0.27125784284433824,65.80019825972023,12.333997672445438,72.0
32245,0.4552953946348271,0.2723523026825864,0.2723523026825864,65.85709405602368,12.462549925823563,73.0
22125,0.44569491525423727,0.27715254237288134,0.27715254237288134,64.71559034572734,11.946267431237311,71.0
22673,0.45282935650332995,0.273585321748335,0.273585321748335,64.798807028857,11.948320330704863,71.0
22451,0.444657253574451,0.27767137321277446,0.27767137321277446,64.64035931985885,11.814166941386441,71.0
8290,0.46586248492159227,0.26706875753920384,0.26706875753920384,64.48193315266487,16.171321618080164,70.0
8647,0.4650167688215566,0.2674916155892217,0.2674916155892217,64.715953307393,16.395384676922394,71.0
8403,0.4692371771986195,0.2653814114006902,0.2653814114006902,64.30672645739911,16.08308304200214,70.0
31898,0.45965264279892154,0.2701736786005392,0.2701736786005392,65.90566256672082,13.149400827752059,72.0
10593,0.45133578778438593,0.27433210610780706,0.27433210610780706,67.09566414315209,13.4119879064831,68.0
33380,0.4604553624925105,0.26977231875374474,0.26977231875374474,66.05508051082732,13.129934856908285,71.0
26450,0.46729678638941397,0.266351606805293,0.266351606805293,65.68843151171043,13.17426522902884,71.0
15116,0.44257740142894947,0.2787112992855253,0.2787112992855253,61.128174697365296,13.278881484810341,68.0
24736,0.4570666235446313,0.2714666882276843,0.2714666882276843,64.52673119880863,12.118697834042406,71.0
15476,0.4388730938226932,0.2805634530886534,0.2805634530886534,64.69461077844312,10.960200327706104,62.0
13945,0.4485478666188598,0.2757260666905701,0.2757260666905701,66.10247074122236,13.140133250002359,71.0
18824,0.43423289417764555,0.2828835529111772,0.2828835529111772,61.10854460093897,13.195911027089611,68.0
23657,0.44735173521579236,0.2763241323921038,0.2763241323921038,64.49762888175003,12.263165358329454,71.0
14774,0.42561256260999053,0.28719371869500476,0.28719371869500476,64.65331133631864,11.002056896110691,62.0
13791,0.4442752519759263,0.27786237401203684,0.27786237401203684,66.04514613778706,13.176487783253721,69.0
14926,0.44097547902988077,0.2795122604850596,0.2795122604850596,61.13782358581016,13.244490446610415,68.0
14508,0.4550592776399228,0.2724703611800386,0.2724703611800386,64.6182646091576,11.966951723096996,71.0
9770,0.44237461617195495,0.2788126919140225,0.2788126919140225,64.58149779735683,11.024217559233572,62.0
13973,0.4462177055750376,0.2768911472124812,0.2768911472124812,65.96433186869993,13.259260191329304,74.0
67630,0.43770516043176105,0.2811474197841195,0.2811474197841195,64.16714000210371,12.666750044858492,72.0
28967,0.4546207753650706,0.2726896123174647,0.2726896123174647,62.84808203570072,12.581018354797736,72.0
8993,0.48537751584565775,0.25731124207717115,0.25731124207717115,57.004753673292996,12.84511394802582,59.0
11243,0.4412523347860891,0.2793738326069554,0.2793738326069554,67.52626552053486,10.868802901081827,65.0
20052,0.44873329343706364,0.2756333532814682,0.2756333532814682,64.73403292925637,13.163685569338508,72.0
28717,0.4578124455897204,0.27109377720513983,0.27109377720513983,63.05703275529865,12.501379127294229,72.0
8835,0.4802490096208263,0.25987549518958686,0.25987549518958686,57.0544425087108,12.888732395888555,60.0
11379,0.4477546357324897,0.2761226821337552,0.2761226821337552,67.55442393380012,10.88844822481754,65.0
20536,0.45938839111803664,0.2703058044409817,0.2703058044409817,64.79769410916951,13.097281690989771,72.0
28461,0.4547626576719019,0.27261867116404903,0.27261867116404903,63.1938394122954,12.347664176277158,74.0
8706,0.4776016540317023,0.26119917298414885,0.26119917298414885,57.02770448548813,12.915142412133436,60.0
11428,0.4511725586279314,0.2744137206860343,0.2744137206860343,67.5,10.876773840789072,65.0
20477,0.45265419739219614,0.2736729013039019,0.2736729013039019,64.82922912205568,13.114275451007222,73.0
28653,0.4589048267197152,0.2705475866401424,0.2705475866401424,62.76186790505676,12.871709645747497,72.0
8720,0.4772935779816514,0.2613532110091743,0.2613532110091743,57.10399297937692,12.853861038605295,60.0
11419,0.45319204834048515,0.2734039758297574,0.2734039758297574,67.54260089686099,10.83521724568919,65.0
20809,0.45994521601230237,0.27002739199384884,0.27002739199384884,64.8611852642819,13.111889460434845,72.0
18229,0.4550441604037523,0.27247791979812386,0.27247791979812386,60.156432454197706,13.154250905622828,72.0
10251,0.44785874548824506,0.2760706272558775,0.2760706272558775,58.459717314487634,11.77877512235404,63.0
6421,0.45709391060582466,0.2714530446970877,0.2714530446970877,60.57659208261618,12.95195067804817,62.0
26900,0.4484014869888476,0.2757992565055762,0.2757992565055762,61.37835287774633,13.924356925672566,72.0
18048,0.453125,0.2734375,0.2734375,60.18723404255319,13.1127523701281,71.0
17784,0.451417004048583,0.2742914979757085,0.2742914979757085,60.0910209102091,13.128387898841236,71.0
66921,0.44636212847984935,0.2768189357600753,0.2768189357600753,60.3868286099865,13.086565282263898,73.0
61643,0.4537254838343364,0.2731372580828318,0.2731372580828318,60.42590722812853,13.221364055882958,75.0
10114,0.45086019379078507,0.2745699031046075,0.2745699031046075,58.47425279078142,11.679312524388008,63.0
10073,0.44922068897051526,0.27538965551474237,0.27538965551474237,58.490266762797404,11.666126150185983,63.0
6229,0.4435703965323487,0.2782148017338257,0.2782148017338257,60.61915753029429,12.919267359698237,62.0
5284,0.4481453444360333,0.27592732778198337,0.27592732778198337,60.06104252400549,12.785332367274458,62.0
26261,0.4444232892882982,0.2777883553558509,0.2777883553558509,61.424537354352296,13.90438418743325,72.0
26097,0.4459133233705024,0.2770433383147488,0.2770433383147488,61.25297372060857,13.891828254894545,72.0
24390,0.45797457974579747,0.27101271012710126,0.27101271012710126,60.38199697428139,12.844823051305745,68.0
10311,0.4627097274755116,0.26864513626224423,0.26864513626224423,58.601083032490976,11.625631410217958,63.0
32732,0.45484541121837957,0.27257729439081024,0.27257729439081024,61.20309347679893,13.756358170554092,72.0
18191,0.45632455609916994,0.27183772195041506,0.27183772195041506,60.219211324570274,13.170104140001188,71.0
10115,0.45150766188828473,0.27424616905585764,0.27424616905585764,58.5998558038933,11.727128255020704,63.0
32873,0.45353329480120463,0.2732333525993977,0.2732333525993977,61.17690937430417,13.786939575214499,72.0
17927,0.4530038489429352,0.2734980755285324,0.2734980755285324,60.09912298592698,13.100420332796553,71.0
10049,0.45566723057020597,0.272166384714897,0.272166384714897,58.52504570383912,11.731207062694773,63.0
6258,0.4464685202940237,0.2767657398529882,0.2767657398529882,60.53406466512702,12.945769596786945,62.0
26447,0.44734752523915755,0.2763262373804212,0.2763262373804212,61.34537493158183,13.862015853938795,72.0
60746,0.4529022487077338,0.27354887564613306,0.27354887564613306,60.51688030330384,13.268072025566365,75.0
60961,0.45821098735256965,0.27089450632371515,0.27089450632371515,60.545537120019375,13.29645911975342,72.0
60342,0.4477478373272348,0.2761260813363826,0.2761260813363826,60.349057736166124,13.221785854653662,75.0
60464,0.44793596189468116,0.27603201905265945,0.27603201905265945,60.420071899340925,13.275898586469907,75.0
19810,0.43018677435638564,0.2849066128218072,0.2849066128218072,63.22253720765415,14.05768270991997,71.0
18615,0.4463604619930164,0.2768197690034918,0.2768197690034918,62.794682709101494,12.542686859496689,68.0
15329,0.43218735729662733,0.28390632135168636,0.28390632135168636,62.70611213235294,12.826266970812044,60.0
20259,0.44755417345377363,0.27622291327311316,0.27622291327311316,65.60436025732666,11.828383661541627,69.0
20721,0.45967858694078473,0.27016070652960766,0.27016070652960766,64.31707752768845,14.725693528951423,70.0
12409,0.4640986380852607,0.2679506809573696,0.2679506809573696,63.48541353383459,12.479499490594833,66.0
9206,0.41755376928090376,0.29122311535954815,0.29122311535954815,62.716523685192094,11.617594567884186,60.0
23286,0.4528901485871339,0.273554925706433,0.273554925706433,65.87927786499215,11.876881258424524,68.0
20336,0.44610542879622345,0.2769472856018883,0.2769472856018883,64.2979403409091,14.75872512613178,70.0
28109,0.44459070048738836,0.2777046497563058,0.2777046497563058,64.07699205739175,14.952425742487918,72.0
11278,0.4561092392268133,0.2719453803865934,0.2719453803865934,63.67720899902184,12.777885262433903,66.0
12172,0.4597436740059152,0.2701281629970424,0.2701281629970424,63.46928223844282,12.564636988303137,66.0
9177,0.4165849406124006,0.2917075296937997,0.2917075296937997,62.9503175196115,11.570840300015071,60.0
9286,0.41438724962308854,0.29280637518845576,0.29280637518845576,62.85031261493196,11.558064190179168,60.0
23294,0.44586588821155665,0.2770670558942217,0.2770670558942217,65.88720173535792,11.887148070786061,68.0
22915,0.44097752563822823,0.2795112371808859,0.2795112371808859,65.88337236533958,11.907265142688473,68.0
20472,0.45330207112153187,0.27334896443923407,0.27334896443923407,64.36150822015726,14.733683436390121,70.0
43232,0.44860288675055515,0.2756985566247224,0.2756985566247224,64.77514892188942,12.190965197427628,70.0
20844,0.45519094223757434,0.2724045288812128,0.2724045288812128,64.24286720676294,14.76827043274967,70.0
11556,0.4619245413637937,0.26903772931810316,0.26903772931810316,63.62174332582824,12.87742108007595,66.0
32908,0.4370365868481828,0.2814817065759086,0.2814817065759086,65.01716506531362,11.959981630947887,68.0
8607,0.4692691994887882,0.2653654002556059,0.2653654002556059,66.00963222416813,13.604717878414672,70.0
21679,0.46076848563125605,0.269615757184372,0.269615757184372,61.76321642429427,10.379260523832857,70.0
11033,0.42898576996283877,0.2855071150185806,0.2855071150185806,61.45809523809524,11.736146423755056,68.0
6983,0.4323356723471287,0.2838321638264356,0.2838321638264356,69.372351160444,15.90611970971469,75.0
8229,0.4701664843844939,0.2649167578077531,0.2649167578077531,61.258256880733946,11.229376639592635,73.0
7303,0.4221552786526085,0.28892236067369576,0.28892236067369576,69.76398104265402,16.06335889044513,74.0
5253,0.43384732533790216,0.2830763373310489,0.2830763373310489,61.77740416946873,10.683668244983066,53.0
19517,0.4226571706717221,0.288671414664139,0.288671414664139,67.35818246361377,14.09021334609668,83.0
68095,0.4435127395550334,0.2782436302224833,0.2782436302224833,65.78387079748772,13.34497863186555,76.0
21662,0.4517588403656172,0.2741205798171914,0.2741205798171914,64.44594139440889,15.661226732491988,77.0
34229,0.4481872096760057,0.27590639516199716,0.27590639516199716,67.86700550614147,14.750684514930569,77.0
34598,0.4507196947800451,0.27464015260997743,0.27464015260997743,67.89644285413597,14.701671303094693,78.0
34885,0.4427977640819837,0.27860111795900816,0.27860111795900816,67.83630003086738,14.630899909389264,77.0
35511,0.4419194052547098,0.2790402973726451,0.2790402973726451,67.71783227369059,14.6509599209689,77.0
34722,0.44599965439778816,0.27700017280110595,0.27700017280110595,67.879392805157,14.635780877484434,77.0
35114,0.4455772626302899,0.277211368684855,0.277211368684855,67.82175878364495,14.587548243093076,77.0
34162,0.44979802119313855,0.2751009894034307,0.2751009894034307,67.95562885720366,14.702072509515938,79.0
34640,0.4452078521939954,0.2773960739030023,0.2773960739030023,67.90186283692371,14.607874398708956,77.0
34855,0.4457610098981495,0.27711949505092526,0.27711949505092526,67.88404596749146,14.624633956601842,83.0
34536,0.44782256196432707,0.27608871901783644,0.27608871901783644,67.8023072889355,14.58456112120013,77.0
34836,0.4413250660236537,0.27933746698817313,0.27933746698817313,68.02116945843181,14.562519193980664,77.0
34660,0.44362377380265433,0.2781881130986728,0.2781881130986728,67.79910806886538,14.642832948754517,81.0
21984,0.4402292576419214,0.2798853711790393,0.2798853711790393,63.52787258248009,12.972307136913983,77.0
18715,0.4489981298423724,0.2755009350788138,0.2755009350788138,65.22808378588053,14.176405603929735,75.0
18520,0.458207343412527,0.2708963282937365,0.2708963282937365,65.01355391668328,14.011378660860174,75.0
18746,0.44969593513282835,0.2751520324335858,0.2751520324335858,64.90946103140752,14.27652133128169,75.0
18623,0.4510014498201149,0.27449927508994254,0.27449927508994254,64.86815336463224,14.075216674920597,75.0
18579,0.4568060713709026,0.27159696431454866,0.27159696431454866,65.26952041220768,14.20874787234124,75.0
18693,0.4469587546140266,0.27652062269298666,0.27652062269298666,65.37028438769588,14.185892924786424,75.0
18183,0.4466259693119947,0.27668701534400264,0.27668701534400264,65.15265354800239,14.090196727630252,75.0
18726,0.45060343906867456,0.2746982804656627,0.2746982804656627,65.18293157076205,14.103764962526107,75.0
18185,0.4531756942535056,0.27341215287324716,0.27341215287324716,65.0852775543041,14.161249876069872,75.0
18440,0.45238611713665944,0.2738069414316703,0.2738069414316703,65.16696375519905,14.141885281026592,75.0
14863,0.4355110004709682,0.28224449976451593,0.28224449976451593,62.45315852205006,14.02678814318255,74.0
15476,0.43809769966399587,0.2809511501680021,0.2809511501680021,62.46136154553818,14.16160919398361,75.0
14571,0.4434150024020314,0.27829249879898427,0.27829249879898427,62.1482120838471,13.942721691694075,74.0
15500,0.4401290322580645,0.2799354838709677,0.2799354838709677,62.75455174003226,14.190466772576045,74.0
16340,0.4407588739290086,0.2796205630354957,0.2796205630354957,64.01094331363537,14.34793740193054,77.0
16355,0.4402934882298991,0.27985325588505044,0.27985325588505044,63.91741315272012,14.33803930952085,77.0
22823,0.44880164746089474,0.27559917626955266,0.27559917626955266,63.567408585055645,13.060078363535002,77.0
22018,0.458352257244073,0.2708238713779635,0.2708238713779635,63.40248197216167,12.963124749249326,77.0
21741,0.4532910169725404,0.2733544915137298,0.2733544915137298,63.34241965337372,13.096698156749907,77.0
22820,0.45249780893952674,0.27375109553023663,0.27375109553023663,63.722906995357775,12.9941272521896,77.0
22081,0.45564059598750056,0.2721797020062497,0.2721797020062497,63.545091514143095,13.139835915520402,77.0
22257,0.4591364514534753,0.27043177427326237,0.27043177427326237,63.360026582488786,13.03318462150598,77.0
21992,0.4529829028737723,0.27350854856311385,0.27350854856311385,63.53715710723192,13.000284192727982,77.0
17440,0.4528669724770642,0.2735665137614679,0.2735665137614679,63.76189478096835,13.225290271320132,77.0
17015,0.45530414340287984,0.2723479282985601,0.2723479282985601,63.646525679758305,13.28706823801077,77.0
17422,0.4576971645046493,0.27115141774767537,0.27115141774767537,63.7497883149873,13.208212185373599,77.0
17266,0.4467740067184061,0.2766129966407969,0.2766129966407969,63.64321608040201,13.26675199831519,77.0
17212,0.4453869393446433,0.2773065303276784,0.2773065303276784,63.773517703750265,13.198687729101081,77.0
17406,0.45995633689532345,0.2700218315523383,0.2700218315523383,63.58531914893617,13.209222978913429,77.0
55906,0.4542267377383465,0.27288663113082673,0.27288663113082673,66.22292868379654,12.991190440970819,76.0
32779,0.43634644131913725,0.2818267793404314,0.2818267793404314,63.8613336219961,15.022042577233805,77.0
5226,0.4760811327975507,0.26195943360122464,0.26195943360122464,69.27684441197955,17.12648080469927,77.0
5366,0.4804323518449497,0.25978382407752515,0.25978382407752515,69.2180774748924,17.084474574397575,77.0
5549,0.47377905928996217,0.26311047035501894,0.26311047035501894,69.67534246575343,17.01389666352884,77.0
5405,0.47382053654024053,0.26308973172987976,0.26308973172987976,69.26230661040788,17.019000708489145,77.0
5368,0.47466467958271236,0.2626676602086438,0.2626676602086438,69.56382978723404,16.955610701738227,77.0
5256,0.4752663622526636,0.2623668188736682,0.2623668188736682,69.09934735315446,17.032353920323608,77.0
5121,0.4684631907830502,0.2657684046084749,0.2657684046084749,69.12931667891256,17.06880316075403,77.0
5260,0.47300380228136885,0.2634980988593156,0.2634980988593156,69.31168831168831,17.074730716469162,77.0
8104,0.4491609081934847,0.2754195459032576,0.2754195459032576,69.92562724014337,13.230443979854222,69.0
4873,0.435665914221219,0.28216704288939054,0.28216704288939054,70.608,12.956927581939954,68.0
4918,0.4343228954859699,0.28283855225701504,0.28283855225701504,70.69158878504673,12.930958943602732,68.0
5019,0.43454871488344293,0.28272564255827853,0.28272564255827853,70.73291050035236,12.8804820107205,68.0
8276,0.44272595456742386,0.27863702271628804,0.27863702271628804,64.32653946227234,12.996849237650066,75.0
8021,0.43797531479865354,0.28101234260067326,0.28101234260067326,63.91526175687667,12.931407584929769,75.0
8521,0.444431404764699,0.2777842976176505,0.2777842976176505,63.95648500211238,13.175596079380497,76.0
8160,0.44338235294117645,0.2783088235294118,0.2783088235294118,64.16468516072214,12.870427802638767,75.0
8076,0.44650817236255574,0.27674591381872216,0.27674591381872216,64.02147651006712,12.862636334743872,75.0
7949,0.4366586992074475,0.28167065039627626,0.28167065039627626,63.849933005806164,12.875040640737721,76.0
8307,0.4503430841459011,0.27482845792704946,0.27482845792704946,64.2544897065265,12.9543005757941,76.0
7992,0.4419419419419419,0.27902902902902904,0.27902902902902904,64.04439461883408,12.840250003376442,75.0
7927,0.44922417055632646,0.27538791472183677,0.27538791472183677,64.22446174988548,12.928217437528946,75.0
8664,0.4600646352723915,0.26996768236380425,0.26996768236380425,68.99871740059855,15.572816398531975,76.0
8603,0.4583284900616064,0.2708357549691968,0.2708357549691968,69.18927038626609,15.487881622419097,76.0
8346,0.4634555475676971,0.26827222621615143,0.26827222621615143,69.06386779812416,15.70521581793251,76.0
8533,0.45716629555842025,0.2714168522207899,0.2714168522207899,69.2426597582038,15.555205955046837,76.0
8661,0.46172497402147555,0.2691375129892622,0.2691375129892622,69.24967824967825,15.53513734005815,76.0
7721,0.46509519492293744,0.26745240253853125,0.26745240253853125,63.15496368038741,11.545140621579563,60.0
7844,0.4620091789903111,0.2689954105048445,0.2689954105048445,62.91469194312796,11.517072523096196,60.0
7298,0.46916963551657986,0.26541518224171007,0.26541518224171007,63.23335054207537,11.769524043394632,60.0
7436,0.4682625067240452,0.2658687466379774,0.2658687466379774,63.28780981284775,11.693463759607901,60.0
12365,0.42951880307319046,0.28524059846340477,0.28524059846340477,63.683583782251205,13.897584807512198,70.0
12573,0.42495824385588166,0.28752087807205917,0.28752087807205917,63.485200553250344,14.289565762823896,70.0
13303,0.40675035706231677,0.2966248214688416,0.2966248214688416,63.22022301064369,14.2872353987047,70.0
11465,0.40933275185346707,0.29533362407326647,0.29533362407326647,63.20643827525103,14.003867279186325,70.0
11872,0.4540094339622642,0.27299528301886794,0.27299528301886794,67.90465905584696,16.57551734545382,79.0
11801,0.4520803321752394,0.2739598339123803,0.2739598339123803,67.95731518713269,16.495574015723257,77.0
11801,0.44767392593847977,0.2761630370307601,0.2761630370307601,67.97422522246087,16.516775621505886,77.0
12086,0.4545755419493629,0.27271222902531855,0.27271222902531855,67.90200242718447,16.656849982217263,77.0
12201,0.451356446192935,0.2743217769035325,0.2743217769035325,68.17806991335524,16.521941937357976,77.0
11580,0.44455958549222796,0.277720207253886,0.277720207253886,67.85603233830845,16.470993867524474,77.0
12145,0.445697818032112,0.277151090983944,0.277151090983944,68.05852644087938,16.6025099424971,79.0
11775,0.44713375796178345,0.2764331210191083,0.2764331210191083,67.96251920122887,16.500630042828885,77.0
11778,0.4542367125148582,0.2728816437425709,0.2728816437425709,67.7616677037959,16.564664987698045,77.0
9733,0.4486797493064831,0.27566012534675843,0.27566012534675843,60.40849795005591,13.384620853084316,76.0
9428,0.44972422571064913,0.2751378871446754,0.2751378871446754,60.36622976098689,13.538176434611046,76.0
10042,0.4439354710217088,0.2780322644891456,0.2780322644891456,60.65974212034384,13.391781508368558,76.0
7965,0.4553672316384181,0.27231638418079096,0.27231638418079096,67.41124942369756,13.228341215058332,73.0
8672,0.4232011070110701,0.2883994464944649,0.2883994464944649,72.23430627748901,13.564228075907543,71.0
8559,0.42212875335903727,0.28893562332048134,0.28893562332048134,72.29640113222807,13.522887070258045,71.0
8509,0.4283699612175344,0.2858150193912328,0.2858150193912328,72.18379934210526,13.56161077751419,71.0
8499,0.4392281444875868,0.28038592775620663,0.28038592775620663,72.18254301300881,13.527789488879977,71.0
12194,0.4482532392980154,0.2758733803509923,0.2758733803509923,68.1768727705113,16.638741812490473,79.0
8650,0.45641618497109826,0.27179190751445087,0.27179190751445087,69.22501063377287,15.497725157565416,76.0
8569,0.4568794491772669,0.27156027541136657,0.27156027541136657,69.1809196390202,15.438704687255075,76.0
31437,0.4482297929191717,0.2758851035404142,0.2758851035404142,65.36561743341404,12.392908614112743,75.0
6900,0.46608695652173915,0.2669565217391304,0.2669565217391304,63.21824104234528,10.235136388165644,57.0
7035,0.4527363184079602,0.2736318407960199,0.2736318407960199,63.195844155844156,10.023949677873675,57.0
3615,0.48326417704011065,0.2583679114799447,0.2583679114799447,65.65631691648822,12.71936752372666,67.0
3718,0.4480903711672942,0.2759548144163529,0.2759548144163529,58.28947368421053,13.205344269152976,65.0
21312,0.4426614114114114,0.27866929429429427,0.27866929429429427,64.72268058595724,14.3970250928683,77.0
21494,0.45138178096212894,0.2743091095189355,0.2743091095189355,64.86787652645862,14.409169470375542,77.0
21339,0.45039598856553725,0.27480200571723135,0.27480200571723135,64.81872442019099,14.511052757281309,79.0
21178,0.45027859099065065,0.27486070450467465,0.27486070450467465,65.06425012884384,14.5830793551669,77.0
21316,0.4449240007506099,0.27753799962469505,0.27753799962469505,65.08739012846517,14.465352389782236,77.0
21871,0.4411778153719537,0.2794110923140231,0.2794110923140231,65.12109311078383,14.507551631626214,77.0
21931,0.44115635401942455,0.2794218229902877,0.2794218229902877,64.81380548302872,14.505629095839986,80.0
21256,0.44439217162213024,0.2778039141889349,0.2778039141889349,64.78899237933955,14.493790223364348,78.0
21768,0.4476295479603087,0.27618522601984563,0.27618522601984563,64.98220226214238,14.406171376400547,77.0
21707,0.4488413875708297,0.27557930621458515,0.27557930621458515,64.78752925442996,14.5242217461864,77.0
21154,0.4455894866219155,0.2772052566890423,0.2772052566890423,64.9924965893588,14.519883752632493,77.0
18278,0.4391071233176496,0.28044643834117516,0.28044643834117516,63.71459227467811,15.87514349966543,80.0
18645,0.4370608742290158,0.2814695628854921,0.2814695628854921,63.65358231707317,15.720186968530017,79.0
22086,0.45712215883365026,0.27143892058317487,0.27143892058317487,64.18298582151793,13.33750169829139,77.0
22022,0.45309236218327126,0.27345381890836434,0.27345381890836434,64.06592494187977,13.289803188189659,77.0
22014,0.4579812846370491,0.27100935768147544,0.27100935768147544,64.06821991283942,13.244352710823902,77.0
21821,0.45135420008248933,0.2743228999587553,0.2743228999587553,64.24239893083862,13.272361364995778,77.0
21538,0.45361686321849753,0.2731915683907512,0.2731915683907512,64.07239972807614,13.304269833586034,77.0
21721,0.45324800883937205,0.273375995580314,0.273375995580314,64.09043448972719,13.303010829008173,77.0
21737,0.4537424667617426,0.27312876661912866,0.27312876661912866,64.19504800404245,13.37043096497665,77.0
21700,0.45483870967741935,0.2725806451612903,0.2725806451612903,64.08250211327135,13.311304464153784,77.0
22001,0.4586609699559111,0.27066951502204445,0.27066951502204445,64.14777497900924,13.365293086237191,78.0
21679,0.4511739471377831,0.27441302643110843,0.27441302643110843,64.06656580937972,13.313548356223409,77.0
21866,0.45266623982438486,0.27366688008780754,0.27366688008780754,63.936664438502675,13.379618972425616,77.0
48536,0.4599472556452942,0.27002637217735287,0.27002637217735287,61.84259117961239,13.37456567479615,77.0
48976,0.4667592290101274,0.2666203854949363,0.2666203854949363,61.845228978404045,13.280133268754593,77.0
18031,0.459153679773723,0.2704231601131385,0.2704231601131385,62.50574241181296,12.427021082979415,74.0
5244,0.4668192219679634,0.2665903890160183,0.2665903890160183,61.3376251788269,13.55887498222793,73.0
24638,0.45620586086533,0.271897069567335,0.271897069567335,61.54590237348858,13.781788614709386,77.0
48604,0.4625133733849066,0.2687433133075467,0.2687433133075467,61.82736181289236,13.285274649004048,77.0
48230,0.4622434169603981,0.26887829151980097,0.26887829151980097,61.84901295496607,13.275524131843385,77.0
49938,0.458128078817734,0.270935960591133,0.270935960591133,61.73133776792314,13.436088932182816,79.0
47661,0.4586349426155557,0.27068252869222215,0.27068252869222215,61.91411518486939,13.381462869695776,77.0
18012,0.46646679991117035,0.2667666000444148,0.2667666000444148,62.676378772112386,12.486161071854989,74.0
17686,0.4648874816238833,0.26755625918805837,0.26755625918805837,62.57628909551986,12.511292106942108,74.0
47918,0.4600776326223966,0.2699611836888017,0.2699611836888017,61.809059987631414,13.37685877988764,77.0
5697,0.4730559943830086,0.2634720028084957,0.2634720028084957,59.38107928047968,10.109198015241837,54.0
5546,0.46447890371438877,0.26776054814280564,0.26776054814280564,56.83905723905724,17.542378407406527,80.0
48624,0.44488318525830867,0.2775584073708457,0.2775584073708457,67.05949911084765,13.416101960182614,84.0
12037,0.4649829691783667,0.26750851541081666,0.26750851541081666,62.90372670807454,10.771975304007906,58.0
11257,0.46486630540996715,0.26756684729501645,0.26756684729501645,63.20717131474104,10.507328832601312,53.0
11192,0.4687276626161544,0.2656361686919228,0.2656361686919228,65.45375042045072,9.335739635318138,48.0
24389,0.4646766985116241,0.26766165074418796,0.26766165074418796,63.751838235294116,10.162979316208181,58.0
23562,0.4644766997708174,0.2677616501145913,0.2677616501145913,64.18418132826122,10.155721923854946,58.0
21360,0.43773408239700373,0.28113295880149813,0.28113295880149813,63.71240632805995,15.262402721744895,84.0
19603,0.43457634035606796,0.282711829821966,0.282711829821966,65.25622518946228,13.531257905175876,78.0
14841,0.4282056465197763,0.28589717674011184,0.28589717674011184,66.16780579778458,16.14854537901522,82.0
18862,0.43558477361891634,0.28220761319054183,0.28220761319054183,71.95510050723276,16.952000780342722,78.0
9061,0.48129345546849134,0.25935327226575433,0.25935327226575433,67.76085106382979,10.521742398741646,53.0
10070,0.45878848063555117,0.27060575968222444,0.27060575968222444,64.52,10.541558821413515,68.0
5442,0.4755604557148107,0.2622197721425946,0.2622197721425946,65.14435879467415,11.497730256139915,65.0
41283,0.4498461836591333,0.27507690817043334,0.27507690817043334,66.07088763649172,12.223194159930033,81.0
5634,0.4756833510827121,0.26215832445864395,0.26215832445864395,65.43331076506432,11.345759413804654,65.0
13303,0.4470420205968578,0.2764789897015711,0.2764789897015711,67.11147362697118,12.362174321124852,79.0
14958,0.4376253509827517,0.28118732450862416,0.28118732450862416,70.17379933428435,13.789515067372905,80.0
13778,0.44026709246625056,0.27986645376687475,0.27986645376687475,67.2795643153527,12.134667827990022,72.0
4158,0.4675324675324675,0.2662337662337662,0.2662337662337662,62.94218608852755,12.737935997190942,69.0
8577,0.4716101200886091,0.2641949399556955,0.2641949399556955,63.58296557811121,9.931870799492359,51.0
22300,0.4719282511210762,0.26403587443946186,0.26403587443946186,66.21467391304348,11.124424846010552,53.0
2178,0.4830119375573921,0.25849403122130393,0.25849403122130393,63.48134991119005,9.306174937160998,43.0
19400,0.4743298969072165,0.26283505154639175,0.26283505154639175,63.8350656991567,10.248570665082513,60.0
19472,0.471240755957272,0.264379622021364,0.264379622021364,63.81759906759907,10.159754667497847,60.0
19255,0.47078680862113736,0.2646065956894313,0.2646065956894313,64.24573110893033,10.233182614816775,60.0
3765,0.47197875166002656,0.2640106241699867,0.2640106241699867,62.71730382293762,10.798947447324016,48.0
5282,0.4763347216963271,0.2618326391518364,0.2618326391518364,62.64352856109906,10.449038246423191,46.0
11625,0.466494623655914,0.266752688172043,0.266752688172043,61.564011609158335,9.826560163591743,48.0
43357,0.4680443757640058,0.2659778121179971,0.2659778121179971,63.7244190079778,10.317212160819539,48.0
28770,0.4633298574904414,0.2683350712547793,0.2683350712547793,63.50660621761658,10.368830727637853,48.0
8571,0.45327266363318164,0.2733636681834092,0.2733636681834092,63.840375586854464,10.592484400077794,51.0
29176,0.45887030435974774,0.27056484782012613,0.27056484782012613,64.03483658474791,11.532614330830324,46.0
19781,0.4702997826196856,0.26485010869015724,0.26485010869015724,64.42050009543806,11.69441862792631,46.0
6070,0.46523887973640854,0.26738056013179573,0.26738056013179573,63.953789279112755,11.178976786530937,46.0
24083,0.4653490013702612,0.26732549931486943,0.26732549931486943,64.41286113699907,10.769468706151512,51.0
23951,0.4661600768235147,0.26691996158824266,0.26691996158824266,64.40685124354764,10.765977398448172,51.0
23661,0.46156121888339463,0.2692193905583027,0.2692193905583027,64.3690737833595,10.762873767372245,51.0
23605,0.47782249523406056,0.2610887523829697,0.2610887523829697,65.24208989128671,10.26817754249345,60.0
7485,0.4674682698730795,0.2662658650634602,0.2662658650634602,65.07074761665831,10.51525126065884,49.0
29993,0.46400826859600575,0.2679958657019971,0.2679958657019971,65.01517790495149,10.710131218200452,53.0
29776,0.47340139709833423,0.2632993014508329,0.2632993014508329,64.28380102040816,10.18473211259408,53.0
33171,0.4615778842965241,0.269211057851738,0.269211057851738,63.96349384098544,11.200174465687226,53.0
16770,0.4564102564102564,0.2717948717948718,0.2717948717948718,62.845985081175954,15.078046784983473,80.0
4973,0.47637241101950534,0.26181379449024733,0.26181379449024733,63.22811059907834,9.08473725330866,48.0
5676,0.46476391825229035,0.2676180408738548,0.2676180408738548,64.32192231731402,9.64715145843087,46.0
8226,0.4665694140530027,0.26671529297349866,0.26671529297349866,62.44348222424795,9.11402226859253,46.0
6534,0.44934190388735845,0.2753290480563208,0.2753290480563208,64.1100611450806,10.685410247555948,46.0
5354,0.45872245050429583,0.2706387747478521,0.2706387747478521,63.65079365079365,9.6405838442514,50.0
10932,0.44932308818148553,0.2753384559092572,0.2753384559092572,63.10564784053156,9.78615884701315,48.0
11242,0.45401174168297453,0.27299412915851273,0.27299412915851273,63.22450309547084,9.820883935758623,48.0
11273,0.46562583163310567,0.26718708418344717,0.26718708418344717,63.191235059760956,9.78870138659103,48.0
6036,0.46123260437375746,0.26938369781312127,0.26938369781312127,61.25645756457565,10.251752833522584,51.0
6105,0.4742014742014742,0.2628992628992629,0.2628992628992629,61.259813084112146,10.191703239318416,51.0
6051,0.46884812427697903,0.2655759378615105,0.2655759378615105,61.26820161792159,10.168934142509508,51.0
6122,0.469781117281934,0.26510944135903297,0.26510944135903297,61.2365988909427,10.160424414953177,51.0
6198,0.4714424007744434,0.26427879961277834,0.26427879961277834,61.10866910866911,10.192849156678616,51.0
6210,0.4750402576489533,0.26247987117552335,0.26247987117552335,61.10858895705521,10.209636364536907,51.0
6218,0.47732389835960115,0.2613380508201994,0.2613380508201994,61.27446153846154,10.19126594850395,51.0
9029,0.4708162587218961,0.26459187063905193,0.26459187063905193,62.642946839681876,9.820755087859025,48.0
8869,0.45969105874393956,0.2701544706280302,0.2701544706280302,62.63146911519198,9.802847598888945,48.0
7036,0.46901648664013645,0.2654917566799318,0.2654917566799318,62.11670235546038,9.201542990618243,48.0
7106,0.46383338024204895,0.2680833098789755,0.2680833098789755,62.19002624671916,9.174059357295146,48.0
7166,0.46246162433714766,0.26876918783142617,0.26876918783142617,62.27310488058151,9.151328057126213,48.0
5638,0.4622206456190138,0.26888967719049306,0.26888967719049306,64.28957783641161,9.671581856146492,46.0
5547,0.45231656751397153,0.27384171624301423,0.27384171624301423,64.28966425279789,9.643157453209623,46.0
5653,0.45904829294180083,0.2704758535290996,0.2704758535290996,64.2916939175932,9.626032412595599,46.0
5569,0.4555575507272401,0.27222122463638,0.27222122463638,64.28232189973615,9.65544831728316,46.0
7042,0.46520874751491054,0.2673956262425447,0.2673956262425447,61.587891662241105,10.190542717451692,48.0
7219,0.4666851364454911,0.2666574317772545,0.2666574317772545,61.61818181818182,10.168664973513756,48.0
7057,0.4603939350999008,0.2698030324500496,0.2698030324500496,61.60504201680672,10.168821591573913,48.0
5051,0.46386854088299345,0.2680657295585033,0.2680657295585033,62.17429837518464,9.00208680810358,48.0
8339,0.46204580884998203,0.268977095575009,0.268977095575009,64.24074899687918,10.141926317743852,47.0
8388,0.4663805436337625,0.26680972818311877,0.26680972818311877,64.20107238605898,10.135708239342735,47.0
8422,0.46663500356209925,0.26668249821895035,0.26668249821895035,64.24309884238646,10.134915096901242,47.0
8529,0.46535349982412944,0.2673232500879353,0.2673232500879353,64.25043859649122,10.11339218867829,47.0
8354,0.46229351209001673,0.2688532439549916,0.2688532439549916,64.18521816562779,10.14654311338938,47.0
8361,0.4639397201291712,0.2680301399354144,0.2680301399354144,64.20392681838464,10.139407691202875,47.0
8450,0.4676923076923077,0.26615384615384613,0.26615384615384613,64.22543352601156,10.151820081000674,47.0
8395,0.467540202501489,0.2662298987492555,0.2662298987492555,64.1821029082774,10.116654798035217,47.0
8354,0.4632511371797941,0.2683744314101029,0.2683744314101029,64.25111507582515,10.143739961079323,47.0
9084,0.4707177454865698,0.2646411272567151,0.2646411272567151,61.09900166389351,9.878977275759484,46.0
9092,0.4681038275406951,0.26594808622965244,0.26594808622965244,61.10711331679074,9.874674930540792,47.0
9020,0.45942350332594234,0.2702882483370288,0.2702882483370288,61.18416735028712,9.869208436751968,46.0
5930,0.46913996627318716,0.2654300168634064,0.2654300168634064,61.7725540025413,10.235119496794637,46.0
3176,0.4508816120906801,0.27455919395465994,0.27455919395465994,60.15481651376147,9.080052980148084,43.0
6243,0.4730097709434567,0.2634951145282717,0.2634951145282717,62.81641337386018,9.251519446022101,48.0
8399,0.46326943683771876,0.2683652815811406,0.2683652815811406,64.25554569653949,10.145804962215621,47.0
8418,0.46804466619149443,0.2659776669042528,0.2659776669042528,64.2273336310853,10.162706855046386,49.0
4459,0.46983628616281675,0.2650818569185916,0.2650818569185916,64.20473773265651,9.483999057843974,46.0
4474,0.46759052302190435,0.26620473848904785,0.26620473848904785,64.19479429051218,9.452288947734846,46.0
4443,0.47017780778753093,0.26491109610623453,0.26491109610623453,64.18266779949023,9.476157373022671,46.0
4490,0.4650334075723831,0.26748329621380845,0.26748329621380845,64.22897585345545,9.420690094964487,46.0
4424,0.4656419529837251,0.26717902350813744,0.26717902350813744,64.18612521150592,9.452304907563041,46.0
4508,0.46850044365572313,0.2657497781721384,0.2657497781721384,64.2779632721202,9.437185277857004,46.0
8762,0.46907098835882216,0.2654645058205889,0.2654645058205889,63.56319862424763,10.073039576623588,46.0
6023,0.4594056118213515,0.27029719408932423,0.27029719408932423,62.041769041769044,9.703692390556306,48.0
6046,0.46708567648031757,0.26645716175984124,0.26645716175984124,62.05772811918063,9.711404575222883,48.0
8076,0.47003467062902426,0.26498266468548787,0.26498266468548787,64.2607476635514,10.403236888524468,47.0
8435,0.4700652045050385,0.26496739774748074,0.26496739774748074,64.45190156599553,10.27948543307661,47.0
8271,0.469229839197195,0.2653850804014025,0.2653850804014025,64.32255125284738,10.424905208988408,47.0
8239,0.47372253914309986,0.26313873042845004,0.26313873042845004,64.27721402214023,10.374989316063804,47.0
8218,0.47724507179362374,0.26137746410318813,0.26137746410318813,64.2351024208566,10.345346682815794,47.0
5725,0.45362445414847163,0.2731877729257642,0.2731877729257642,62.52237851662404,10.162182814732766,48.0
8223,0.4605375167213912,0.2697312416393044,0.2697312416393044,61.515779981965736,9.637335997620555,48.0
8354,0.4675604500837922,0.2662197749581039,0.2662197749581039,61.55980215827338,9.659026007527677,48.0
7210,0.47267683772538144,0.2636615811373093,0.2636615811373093,61.91741188847975,9.595447414362422,48.0
7364,0.47066811515480717,0.2646659424225964,0.2646659424225964,61.62647511544382,9.662760735967527,48.0
6956,0.46348476135710176,0.2682576193214491,0.2682576193214491,61.851554126473744,9.59892032639576,48.0
2138,0.470533208606174,0.264733395696913,0.264733395696913,63.98409893992933,9.209464413786367,48.0
4985,0.4571715145436309,0.27141424272818454,0.27141424272818454,61.14929785661493,9.594584648113644,45.0
7203,0.4677217825905873,0.26613910870470636,0.26613910870470636,61.89880020865937,9.546863442307192,48.0
7197,0.4670001389467834,0.2664999305266083,0.2664999305266083,61.762773722627735,9.667384456690966,48.0
8703,0.458807307824888,0.270596346087556,0.270596346087556,62.28747346072187,11.036522662057214,48.0
8654,0.45504968800554657,0.2724751559972267,0.2724751559972267,62.27692960135708,11.044865036228197,53.0
8969,0.46972906678559484,0.2651354666072026,0.2651354666072026,62.3915054667788,11.040953438081301,48.0
8726,0.46092138436855373,0.2695393078157231,0.2695393078157231,62.29974489795919,11.02524314151306,48.0
8906,0.4671008309005165,0.26644958454974177,0.26644958454974177,62.278128950695326,11.019203918184637,48.0
8651,0.45555427118252223,0.2722228644087389,0.2722228644087389,62.35456475583864,11.032338845160016,48.0
8691,0.45852030836497526,0.27073984581751237,0.27073984581751237,62.26519337016575,11.043870315312631,48.0
6250,0.47104,0.26448,0.26448,62.67090139140956,9.978348319368985,48.0
8115,0.4637091805298829,0.2681454097350585,0.2681454097350585,62.447150735294116,9.10609247649694,46.0
8001,0.45006874140732406,0.27496562929633794,0.27496562929633794,62.51409090909091,9.110971487513337,46.0
8001,0.45556805399325084,0.2722159730033746,0.2722159730033746,62.43021120293847,9.113907578091109,46.0
495,0.47878787878787876,0.2606060606060606,0.2606060606060606,65.06201550387597,7.451915042337053,38.0
10833,0.4658912581925598,0.26705437090372014,0.26705437090372014,62.25544417559627,10.229482795806312,47.0
8637,0.4486511520203774,0.2756744239898113,0.2756744239898113,63.80764384712306,10.594069741329765,51.0
16968,0.4645214521452145,0.2677392739273927,0.2677392739273927,63.143297380585516,10.34021439658709,47.0
11494,0.4579780755176614,0.27101096224116933,0.27101096224116933,61.58651685393259,9.81667323595247,48.0
7659,0.4638986812899856,0.26805065935500716,0.26805065935500716,61.22260107160253,9.371981314561289,48.0
17503,0.4701479746329201,0.26492601268354,0.26492601268354,63.36295018330817,10.418793205204366,47.0
17340,0.4671280276816609,0.2664359861591695,0.2664359861591695,63.375757575757575,10.403105647356545,48.0
7969,0.4646756180198268,0.2676621909900866,0.2676621909900866,61.91233005157056,9.542920187276206,48.0
17869,0.4718227097207454,0.26408864513962726,0.26408864513962726,62.844670481034115,9.879171951819274,48.0
17592,0.46009549795361526,0.26995225102319237,0.26995225102319237,62.74289324068225,9.834116581904464,48.0
11188,0.46728637826242403,0.266356810868788,0.266356810868788,63.05805369127517,9.361189276382472,48.0
11308,0.4669260700389105,0.26653696498054474,0.26653696498054474,63.08759124087591,9.344772675022453,48.0
8440,0.45165876777251185,0.2741706161137441,0.2741706161137441,64.6581676750216,12.14224627535903,57.0
8366,0.45135070523547693,0.27432464738226153,0.27432464738226153,64.67058823529412,12.125900271245184,57.0
3533,0.4729691480328333,0.26351542598358335,0.26351542598358335,53.23845327604726,12.665533945784226,55.0
29492,0.44866404448664043,0.2756679777566798,0.2756679777566798,61.21439114391144,13.797691823636466,85.0
27227,0.43732324530796635,0.2813383773460168,0.2813383773460168,62.06932114882507,13.522344869375102,85.0
28668,0.44446769917678247,0.27776615041160874,0.27776615041160874,61.939846791410275,13.642868638995147,85.0
21959,0.43886333621749624,0.28056833189125185,0.28056833189125185,66.35919493588703,14.515158957883141,73.0
5681,0.46664319662031334,0.26667840168984336,0.26667840168984336,59.35445544554455,11.151245173875557,55.0
12303,0.45704299764285133,0.2714785011785743,0.2714785011785743,62.43892215568862,11.32125524821068,63.0
27856,0.44579264790350376,0.27710367604824815,0.27710367604824815,61.11011789091851,16.214891617546133,82.0
5619,0.46467342943584267,0.26766328528207867,0.26766328528207867,62.59574468085106,11.200547715460235,58.0
17891,0.42473869543345816,0.2876306522832709,0.2876306522832709,71.8274387874077,15.307349751074272,81.0
25283,0.45077720207253885,0.27461139896373055,0.27461139896373055,62.19256805415527,13.541001139861798,78.0
31866,0.46519801669490995,0.26740099165254505,0.26740099165254505,62.00281657082502,13.236556320923476,78.0
31148,0.4513933478875048,0.2743033260562476,0.2743033260562476,61.96734550561798,13.169744443333865,78.0
6074,0.459993414553836,0.270003292723082,0.270003292723082,58.66341463414634,14.10462225045671,70.0
28205,0.4457720262364829,0.27711398688175853,0.27711398688175853,66.1160440122825,15.466102482794374,82.0
28514,0.4468682050922354,0.2765658974538823,0.2765658974538823,66.17727618564545,15.812102736065656,82.0
63678,0.4423191683155878,0.2788404158422061,0.2788404158422061,66.48411804460464,15.800938648024264,82.0
34731,0.46076991736489015,0.2696150413175549,0.2696150413175549,59.16339171294319,12.239354363917068,73.0
12797,0.44565132452918654,0.27717433773540673,0.27717433773540673,63.68734141528052,18.296544368853596,78.0
22457,0.4562051921449882,0.2718974039275059,0.2718974039275059,62.809859154929576,15.496564322794054,78.0
19019,0.4457121825542878,0.2771439087228561,0.2771439087228561,61.703471826977804,15.13131997977722,80.0
62599,0.44513490630840746,0.27743254684579627,0.27743254684579627,64.05182242183452,13.414178864605907,76.0
63625,0.44600392927308447,0.27699803536345774,0.27699803536345774,64.14536995006809,13.399343912392315,79.0
28701,0.4406466673635065,0.2796766663182467,0.2796766663182467,66.34122337112247,15.48138080925336,81.0
29025,0.44737295434969854,0.27631352282515076,0.27631352282515076,66.18865336658354,15.438388398443404,81.0
29322,0.44055657867812564,0.2797217106609372,0.2797217106609372,66.48329675688856,15.432646258842327,81.0
65093,0.45087797459020174,0.27456101270489913,0.27456101270489913,66.42032229185318,15.727075333743564,81.0
67155,0.44510460874097235,0.2774476956295138,0.2774476956295138,66.09129454701589,16.078705805397743,81.0
24657,0.4552459747738979,0.2723770126130511,0.2723770126130511,66.58234067897558,11.469444774324842,64.0
14457,0.46046897696617556,0.26976551151691225,0.26976551151691225,66.93871794871795,10.790859778840652,58.0
26044,0.4624481646444479,0.2687759176777761,0.2687759176777761,67.50028571428571,11.517799885571968,60.0
25960,0.45747303543913714,0.27126348228043146,0.27126348228043146,67.5204487361545,11.494473162747457,60.0
10189,0.46883894395917164,0.26558052802041415,0.26558052802041415,66.08536585365853,10.945022872482234,60.0
10309,0.4713357260646037,0.26433213696769814,0.26433213696769814,66.0051376146789,10.874124291615512,60.0
10229,0.4654413921204419,0.26727930393977906,0.26727930393977906,66.09839063643014,10.919344741448073,60.0
8211,0.4624284496407259,0.2687857751796371,0.2687857751796371,70.20117806977798,10.038816303537741,60.0
24547,0.45109382001873954,0.27445308999063023,0.27445308999063023,66.56093216565236,11.451281353671215,64.0
12860,0.4558320373250389,0.2720839813374806,0.2720839813374806,66.29522720777365,11.599859445374108,60.0
12956,0.46063599876505096,0.26968200061747455,0.26968200061747455,66.21150543789354,11.593732114841819,60.0
17909,0.4629515885867441,0.26852420570662794,0.26852420570662794,66.37970472031607,11.397893184883053,58.0
17850,0.46050420168067224,0.26974789915966385,0.26974789915966385,66.35514018691589,11.382801242613432,58.0
12955,0.458124276341181,0.2709378618294095,0.2709378618294095,66.17777777777778,11.595203186752281,60.0
5211,0.4780272500479754,0.2609863749760123,0.2609863749760123,65.45367647058823,11.138337398955725,60.0
6610,0.43751891074130106,0.2812405446293495,0.2812405446293495,68.23076923076923,11.250150916446353,57.0
12756,0.4498275321417372,0.2750862339291314,0.2750862339291314,66.10914790538615,11.578362455864482,60.0
13012,0.45803873347679064,0.27098063326160465,0.27098063326160465,66.27311401020987,11.6073254102192,60.0
13065,0.46176808266360503,0.2691159586681975,0.2691159586681975,66.22212741751991,11.571751706953556,60.0
24817,0.46004754805173875,0.2699762259741306,0.2699762259741306,66.61492537313433,11.45071533620711,64.0
6051,0.4681870765162783,0.26590646174186083,0.26590646174186083,66.18272218769422,11.455056601267128,56.0
12178,0.45409755296436194,0.27295122351781903,0.27295122351781903,68.06738868832731,11.91716931442432,60.0
12151,0.45453049131758705,0.2727347543412065,0.2727347543412065,68.09776704888353,11.896941324455554,60.0
12089,0.4507403424600877,0.2746298287699562,0.2746298287699562,68.20451807228916,11.842644662366213,60.0
12280,0.4545602605863192,0.27271986970684037,0.27271986970684037,68.0982382800836,11.950238713798438,61.0
12211,0.4577020719023831,0.27114896404880845,0.27114896404880845,68.15312594382362,11.87879701518982,60.0
12177,0.45454545454545453,0.2727272727272727,0.2727272727272727,68.08491418247516,11.895358954204166,60.0
24999,0.47077883115324615,0.2646105844233769,0.2646105844233769,67.00498866213152,9.092726615555867,60.0
7958,0.4747423975873335,0.26262880120633325,0.26262880120633325,67.02248803827752,8.909431137152135,53.0
16851,0.4682808141950033,0.2658595929024984,0.2658595929024984,62.816964285714285,11.368070011415254,77.0
4270,0.4711943793911007,0.2644028103044497,0.2644028103044497,61.65721877767936,11.34007464194218,61.0
16454,0.45642396985535433,0.27178801507232286,0.27178801507232286,60.591681574239715,13.478237366334524,69.0
16549,0.4541059882772373,0.2729470058613814,0.2729470058613814,60.8098295328758,13.479620343897547,69.0
29667,0.4652644352310648,0.26736778238446757,0.26736778238446757,62.843292990418554,15.583159919267876,67.0
29103,0.46287324330825,0.268563378345875,0.268563378345875,62.50409416581372,15.556027889812855,67.0
28145,0.46562444483922544,0.26718777758038725,0.26718777758038725,62.54175531914893,15.622495070826671,67.0
18069,0.4461231944213847,0.27693840278930765,0.27693840278930765,65.638689048761,12.431738071197255,64.0
10360,0.4471042471042471,0.27644787644787644,0.27644787644787644,61.135474860335194,11.994229230357972,60.0
10535,0.4511627906976744,0.2744186046511628,0.2744186046511628,61.172950536146665,11.920054298392534,60.0
10296,0.45104895104895104,0.2744755244755245,0.2744755244755245,61.154281670205236,12.092746288859281,60.0
10143,0.44710637878339743,0.2764468106083013,0.2764468106083013,61.42225392296719,12.19454245455294,60.0
10241,0.45571721511571134,0.2721413924421443,0.2721413924421443,61.20523860782203,12.145018418165684,60.0
10307,0.4524109828272048,0.2737945085863976,0.2737945085863976,61.19773210489015,12.036644755438662,60.0
10132,0.45499407816818005,0.27250296091591,0.27250296091591,61.20318725099602,12.144741767882282,60.0
10255,0.4478790833739639,0.27606045831301806,0.27606045831301806,61.20522783468739,12.037821044928785,60.0
52487,0.4579229142454322,0.2710385428772839,0.2710385428772839,62.56635737382258,14.904206653704144,64.0
52382,0.4522164102172502,0.2738917948913749,0.2738917948913749,62.77932668850631,14.845871440060073,64.0
24037,0.44868327994342055,0.2756583600282897,0.2756583600282897,61.64397826743133,15.737782764053348,64.0
23831,0.4440854349376862,0.2779572825311569,0.2779572825311569,61.61277173913044,15.745176776193954,64.0
23835,0.4469477658904972,0.27652611705475144,0.27652611705475144,61.71279016841147,15.775292584781365,65.0
23910,0.4454203262233375,0.27728983688833125,0.27728983688833125,61.588386123680245,15.740513222909593,64.0
23811,0.4510100373776826,0.2744949813111587,0.2744949813111587,61.75168298653611,15.702121089670655,64.0
23786,0.44379046497939967,0.27810476751030017,0.27810476751030017,61.62207105064248,15.744286790281556,66.0
24211,0.4490107802238652,0.2754946098880674,0.2754946098880674,61.67631184407796,15.802236178989869,64.0
24193,0.4517422394907618,0.2741288802546191,0.2741288802546191,61.60856453558504,15.736214377461009,64.0
23515,0.4458856049330215,0.2770571975334893,0.2770571975334893,61.724021488871834,15.7974311843444,64.0
23775,0.4456361724500526,0.2771819137749737,0.2771819137749737,61.63778452200304,15.750310793253256,64.0
30706,0.44499446362274475,0.2775027681886276,0.2775027681886276,61.80694754136839,15.566580876094559,64.0
23556,0.44175581592800134,0.2791220920359993,0.2791220920359993,61.58342205323194,15.73801671236249,64.0
24012,0.4498584041312677,0.2750707979343662,0.2750707979343662,61.71733535200605,15.771846365910548,64.0
23547,0.43907928823204656,0.2804603558839767,0.2804603558839767,61.625984251968504,15.758590002237682,64.0
23846,0.4443512538790573,0.27782437306047136,0.27782437306047136,61.63637735849056,15.76488111873316,64.0
23282,0.4535692809896057,0.27321535950519715,0.27321535950519715,62.01257663889326,15.826340002240343,67.0
48060,0.4536828963795256,0.2731585518102372,0.2731585518102372,62.482861060329064,15.005057403918668,69.0
22124,0.46040499005604774,0.26979750497197613,0.26979750497197613,62.68135366057966,15.77385592850223,68.0
23298,0.4536011674821873,0.27319941625890637,0.27319941625890637,61.88703849175177,15.846146481561169,67.0
22988,0.4570210544631982,0.2714894727684009,0.2714894727684009,62.10959782086204,15.808201051732398,68.0
23161,0.4556366305427227,0.2721816847286387,0.2721816847286387,61.985881979695435,15.816492787040934,67.0
22815,0.4574621959237344,0.2712689020381328,0.2712689020381328,61.9339150105025,15.822012371854587,67.0
22202,0.4596883163678948,0.2701558418160526,0.2701558418160526,67.46032010670224,12.486965903295157,64.0
14498,0.45413160435922195,0.272934197820389,0.272934197820389,67.48193075562294,12.655641671724112,64.0
10041,0.45782292600338614,0.27108853699830693,0.27108853699830693,67.34827332843497,12.09778061034537,62.0
9643,0.452867364927927,0.2735663175360365,0.2735663175360365,64.13040181956028,13.173265678951646,67.0
16955,0.4407549395458567,0.2796225302270717,0.2796225302270717,66.00421851929973,12.993954069496327,73.0
12047,0.44932348302481945,0.27533825848759025,0.27533825848759025,64.09586976183299,13.199559577981352,67.0
9746,0.4570080032833983,0.27149599835830085,0.27149599835830085,64.06651549508692,13.181538047717565,67.0
12102,0.45364402578086266,0.27317798710956864,0.27317798710956864,64.00151240169389,13.142582049483357,67.0
37505,0.44871350486601785,0.27564324756699105,0.27564324756699105,64.13706713097311,13.91094849018696,72.0
33715,0.4480794898413169,0.2759602550793415,0.2759602550793415,64.03622098022356,14.077336731453782,72.0
30862,0.45071609098567816,0.2746419545071609,0.2746419545071609,63.87222746578575,13.92814526683385,72.0
32553,0.4640739716769576,0.2679630141615212,0.2679630141615212,62.933165195460276,14.771592170924704,70.0
29687,0.45558662040623843,0.2722066897968808,0.2722066897968808,61.016334612052965,13.8125492576256,72.0
29040,0.4564738292011019,0.27176308539944904,0.27176308539944904,61.06994424733908,13.893645108514606,67.0
29758,0.45836413737482357,0.2708179313125882,0.2708179313125882,61.023079786574016,13.770627826583194,72.0
29555,0.4527491118254103,0.2736254440872949,0.2736254440872949,60.927908989736615,13.739773430671258,72.0
10611,0.46357553482235414,0.26821223258882293,0.26821223258882293,63.250878425860854,14.813586013204322,67.0
51490,0.46133229753350163,0.26933385123324916,0.26933385123324916,64.5206230170176,15.885549116716929,75.0
51744,0.4509121830550402,0.2745439084724799,0.2745439084724799,64.70287202590455,15.93646053925751,75.0
48229,0.4626884239772751,0.2686557880113625,0.2686557880113625,64.20614339739137,16.12092144637285,75.0
14274,0.445845593386577,0.2770772033067115,0.2770772033067115,63.77749683944374,12.46416047670498,59.0
14560,0.451510989010989,0.2742445054945055,0.2742445054945055,63.72351615326822,12.561102966971452,61.0
14363,0.441481584627167,0.2792592076864165,0.2792592076864165,63.7347294938918,12.495880669352314,59.0
14397,0.44155032298395497,0.2792248385080225,0.2792248385080225,63.70223880597015,12.483268203379238,59.0
14486,0.4477426480740025,0.2761286759629988,0.2761286759629988,63.65475,12.515352669321787,59.0
14344,0.4496653653095371,0.2751673173452315,0.2751673173452315,63.795540917152266,12.451842898475538,59.0
33832,0.45897375266020335,0.2705131236698983,0.2705131236698983,62.50174825174825,12.821392624505643,64.0
12798,0.4499140490701672,0.2750429754649164,0.2750429754649164,61.434375,13.144723714905277,64.0
17816,0.4509429726088909,0.27452851369555453,0.27452851369555453,61.71744019627888,13.437128810077292,64.0
12922,0.4519424237734097,0.2740287881132952,0.2740287881132952,61.40440553515956,13.23093270103851,64.0
12880,0.4614906832298137,0.26925465838509316,0.26925465838509316,61.50057670126874,13.23661212224629,64.0
13092,0.4584479071188512,0.2707760464405744,0.2707760464405744,61.281241184767275,13.310765365788367,64.0
33507,0.45223386158116213,0.2738830692094189,0.2738830692094189,62.42824452435436,12.801784734373307,64.0
36493,0.451018003452717,0.27449099827364154,0.27449099827364154,64.11670160726764,13.926856433556889,72.0
29072,0.4570720968629609,0.27146395156851955,0.27146395156851955,61.10022807906741,13.829915529629877,78.0
21113,0.4367451333301757,0.28162743333491214,0.28162743333491214,61.81365623948873,13.59702789931727,60.0
16856,0.4527764594209777,0.27361177028951117,0.27361177028951117,67.28967909800521,12.582778715049582,64.0
12191,0.46009351160692313,0.26995324419653843,0.26995324419653843,63.95776359769067,13.163732128662238,67.0
22163,0.4436673735505121,0.27816631322474394,0.27816631322474394,65.9036496350365,13.062311006766908,73.0
10783,0.46155986274691646,0.2692200686265418,0.2692200686265418,63.01343437822942,14.829917300648535,67.0
18780,0.44547390841320555,0.2772630457933972,0.2772630457933972,59.91761090839255,12.947810436473334,72.0
29923,0.45560271363165455,0.2721986431841727,0.2721986431841727,60.97139349294046,13.774275784245829,72.0
28761,0.45725113869476025,0.27137443065261985,0.27137443065261985,63.7431133888533,14.01781580038546,64.0
37826,0.46539417331993865,0.26730291334003065,0.26730291334003065,62.550489565819404,12.49407326640662,61.0
14010,0.45224839400428263,0.2738758029978587,0.2738758029978587,61.68543132655721,12.213688083425346,61.0
22475,0.46545050055617354,0.26727474972191323,0.26727474972191323,62.975362077576165,12.852173001296283,60.0
31904,0.4638916750250752,0.2680541624874624,0.2680541624874624,63.19983629560337,14.581147244914513,70.0
34024,0.44403950152833294,0.27798024923583353,0.27798024923583353,65.27426517234088,13.186402754682018,73.0
26240,0.45503048780487804,0.27248475609756095,0.27248475609756095,63.32909090909091,14.9257774350513,67.0
26238,0.4440887262748685,0.27795563686256575,0.27795563686256575,62.92719045660222,14.962764415512531,67.0
26661,0.44653238813247814,0.2767338059337609,0.2767338059337609,62.96204933586338,14.963973062306652,67.0
26460,0.4494331065759637,0.27528344671201815,0.27528344671201815,62.85626029654036,14.937985041745899,72.0
26859,0.44540005212405526,0.2772999739379724,0.2772999739379724,62.93582169709989,14.976894676924747,67.0
26429,0.4491656892050399,0.27541715539748,0.27541715539748,62.863992306635524,14.913900223971767,67.0
26459,0.4437431497789032,0.2781284251105484,0.2781284251105484,62.81437695339041,14.94190606963951,67.0
26635,0.45177398160315374,0.27411300919842313,0.27411300919842313,62.94822627037392,14.909508486183425,67.0
26559,0.4510335479498475,0.27448322602507624,0.27448322602507624,62.89588477366255,14.901846105716734,67.0
26306,0.45373679008591195,0.273131604957044,0.273131604957044,63.07654836464857,14.9123250664171,67.0
26947,0.4507737410472409,0.27461312947637956,0.27461312947637956,62.87918918918919,14.96426371499029,67.0
26428,0.45262600272438325,0.2736869986378084,0.2736869986378084,63.20364993778515,14.89500106657768,67.0
26566,0.4518557554769254,0.2740721222615373,0.2740721222615373,63.03447328663645,14.974401758845152,68.0
26977,0.44960521926085184,0.2751973903695741,0.2751973903695741,62.97238685344828,14.953697120018212,67.0
26848,0.44718414779499405,0.276407926102503,0.276407926102503,63.04352513138391,15.008648368747233,68.0
26488,0.45514950166112955,0.2724252491694352,0.2724252491694352,62.95038802660754,15.034689373249469,68.0
26264,0.45347243374961926,0.2732637831251904,0.2732637831251904,63.100599136129304,15.024235529861503,67.0
26653,0.4531197238584775,0.2734401380707613,0.2734401380707613,62.93139407244786,14.924368867449244,67.0
26506,0.4484267712970648,0.2757866143514676,0.2757866143514676,62.730232558139534,15.001103555413957,67.0
26217,0.449136056757066,0.275431971621467,0.275431971621467,62.98075058856114,15.00636583902821,67.0
26596,0.4474357046172357,0.27628214769138215,0.27628214769138215,62.997142079477406,14.972334040034589,67.0
26326,0.4454911494340196,0.2772544252829902,0.2772544252829902,62.8821756404987,14.943179915370253,67.0
26566,0.44703756681472556,0.2764812165926372,0.2764812165926372,62.871885636487406,14.972470514226384,67.0
26620,0.44440270473328325,0.2777986476333584,0.2777986476333584,62.823123732251524,14.980305510577367,67.0
26872,0.45147365287287883,0.27426317356356056,0.27426317356356056,62.94966078697422,14.994935029771831,67.0
26386,0.4472068521185477,0.27639657394072614,0.27639657394072614,62.8423145481969,14.916682826166923,67.0
8718,0.46547373250745583,0.2672631337462721,0.2672631337462721,74.02532188841202,15.11378170507225,73.0
8237,0.464125288333131,0.2679373558334345,0.2679373558334345,73.24286361576802,15.049590659621897,73.0
7767,0.4744431569460538,0.2627784215269731,0.2627784215269731,65.4875061244488,12.921311077589156,72.0
57657,0.4331997849350469,0.2834001075324765,0.2834001075324765,63.08047735618115,15.562538526939813,80.0
22052,0.45737348086341373,0.2713132595682931,0.2713132595682931,65.5537355841551,12.496955831960408,60.0
22337,0.45999910462461385,0.27000044768769305,0.27000044768769305,65.74515005803349,12.544580067886749,73.0
7372,0.46256104177970697,0.2687194791101465,0.2687194791101465,66.63301362948006,11.091110012380634,58.0
21509,0.45883118694499975,0.2705844065275001,0.2705844065275001,65.48333333333333,12.552784656584903,63.0
18805,0.4613134804573252,0.2693432597713374,0.2693432597713374,66.65745310957551,11.280281664104963,60.0
7389,0.46433888212207336,0.26783055893896335,0.26783055893896335,66.60939868620515,11.098280807379696,58.0
17227,0.4295002031694433,0.28524989841527837,0.28524989841527837,67.13268213268213,15.645827535198984,73.0
9431,0.46792492842752625,0.2660375357862369,0.2660375357862369,62.396572339577524,11.409554052792213,62.0
29328,0.4477632296781233,0.27611838516093834,0.27611838516093834,61.88984934551741,12.484714020390347,84.0
26424,0.4355131698455949,0.2822434150772025,0.2822434150772025,62.63502279431483,15.302003735527157,81.0
26086,0.4518899026297631,0.27405504868511843,0.27405504868511843,60.04630018184361,13.654201494108452,83.0
20131,0.44135909790869804,0.279320451045651,0.279320451045651,62.913747110083584,15.561647996848013,83.0
4733,0.4460173251637439,0.27699133741812804,0.27699133741812804,70.08771929824562,13.683657991152874,78.0
4192,0.4780534351145038,0.2609732824427481,0.2609732824427481,59.693784277879345,8.936113783682842,43.0
11350,0.4636123348017621,0.26819383259911894,0.26819383259911894,69.74211563731932,15.0969334109617,87.0
14907,0.4324813845844234,0.2837593077077883,0.2837593077077883,64.38203309692672,14.269465445259932,81.0
15070,0.43304578633045787,0.28347710683477106,0.28347710683477106,64.26029962546816,14.274500480057732,81.0
15229,0.43896513231334955,0.2805174338433252,0.2805174338433252,64.52972846441948,14.37532139752269,81.0
8539,0.4570792832884413,0.27146035835577936,0.27146035835577936,64.58498705780846,14.523919718234243,65.0
18701,0.4270894604566601,0.28645526977166996,0.28645526977166996,63.4795594549188,14.963829276856305,74.0
12486,0.4486625020022425,0.2756687489988787,0.2756687489988787,63.89337594421848,11.533039583103383,74.0
13383,0.4419786296047224,0.2790106851976388,0.2790106851976388,67.1689876807713,12.881337720978555,80.0
45310,0.4326197307437652,0.28369013462811743,0.28369013462811743,65.92298117317567,15.461002984937696,86.0
13852,0.457551256136298,0.271224371931851,0.271224371931851,66.96406707479372,13.373547887014308,80.0
8915,0.4505888951205833,0.27470555243970834,0.27470555243970834,66.29358922008983,13.229758290712956,76.0
5843,0.4222146157795653,0.28889269211021734,0.28889269211021734,61.97689573459716,15.343115591389516,72.0
45560,0.43195785776997364,0.2840210711150132,0.2840210711150132,66.06939721792891,15.376178612540658,86.0
6090,0.4719211822660099,0.26403940886699506,0.26403940886699506,66.08644278606965,11.256700173186418,76.0
6129,0.4713656387665198,0.2643171806167401,0.2643171806167401,66.08888888888889,11.302878470920364,76.0
20384,0.4571232339089482,0.2714383830455259,0.2714383830455259,68.39237303452015,14.877663413057073,74.0
21518,0.45636211543823774,0.2718189422808811,0.2718189422808811,68.73739100700975,15.033618408060667,74.0
21309,0.455535219860153,0.2722323900699235,0.2722323900699235,68.62609894845717,15.000660840578332,74.0
20077,0.4619714100712258,0.2690142949643871,0.2690142949643871,68.49657470838734,14.87155514720044,72.0
22427,0.45538859410531946,0.27230570294734024,0.27230570294734024,68.88079253315867,15.067889688017374,72.0
20470,0.45217391304347826,0.27391304347826084,0.27391304347826084,68.36721954699483,14.852985610655411,72.0
20592,0.4583333333333333,0.2708333333333333,0.2708333333333333,68.4077461000538,14.861362702491935,74.0
69133,0.4304022680919387,0.28479886595403064,0.28479886595403064,63.93310985829651,12.560295748493443,78.0
57742,0.44013023449135813,0.27993488275432094,0.27993488275432094,64.27567433803515,12.577130496607252,78.0
55047,0.44302141806092976,0.2784892909695351,0.2784892909695351,64.0249184605349,12.674108984915598,78.0
56495,0.43818036994424286,0.2809098150278786,0.2809098150278786,64.3074984247007,12.77831784358267,78.0
49811,0.44554415691313165,0.2772279215434342,0.2772279215434342,60.80201317981027,11.531990233991218,78.0
20683,0.4696127254266789,0.26519363728666057,0.26519363728666057,61.98085688240656,11.826187201819527,74.0
17347,0.46711246901481523,0.26644376549259235,0.26644376549259235,59.32626568585028,11.877311579845014,70.0
63911,0.44059708031481276,0.2797014598425936,0.2797014598425936,62.409207876482434,13.285013698432081,76.0
65080,0.433220651505839,0.2833896742470805,0.2833896742470805,62.52789676299951,13.197140917297661,76.0
58801,0.4347375044642098,0.2826312477678951,0.2826312477678951,62.24845056862627,12.839863490171725,77.0
70507,0.4287659381338023,0.2856170309330988,0.2856170309330988,62.12737113913993,12.682076044054215,75.0
67126,0.428090456752972,0.285954771623514,0.285954771623514,62.08205261786924,12.880333203756592,77.0
65073,0.43014768029751205,0.284926159851244,0.284926159851244,61.97216978587994,12.602684625109253,75.0
65160,0.42237569060773483,0.2888121546961326,0.2888121546961326,62.160263563419946,12.8809157103361,76.0
71526,0.42817996253110757,0.2859100187344462,0.2859100187344462,62.021418092909535,13.192919896570487,77.0
43638,0.4219716760621477,0.28901416196892615,0.28901416196892615,62.00293371392325,12.932388071488264,75.0
63379,0.43476545859038485,0.2826172707048076,0.2826172707048076,62.25217731129969,12.90586713877319,78.0
8012,0.4588117823265102,0.2705941088367449,0.2705941088367449,63.76891143911439,12.284249219583423,74.0
10305,0.4472586123241145,0.27637069383794277,0.27637069383794277,61.23911516853933,12.5995775657381,72.0
10258,0.44609085591733283,0.2769545720413336,0.2769545720413336,61.22104892643436,12.472810009651113,70.0
4149,0.4591467823571945,0.27042660882140274,0.27042660882140274,55.423351158645275,12.994579570619091,62.0
9887,0.4475573986042278,0.27622130069788614,0.27622130069788614,61.45734163310143,12.576267226951602,70.0
4244,0.4816211121583412,0.25918944392082943,0.25918944392082943,52.85818181818182,12.194107234220528,58.0
56633,0.45657125704094786,0.2717143714795261,0.2717143714795261,63.233623602807384,13.155340328140552,81.0
10216,0.4722004698512138,0.2638997650743931,0.2638997650743931,67.61721068249258,12.158067522001984,80.0
12423,0.4429686871126137,0.27851565644369314,0.27851565644369314,70.46849710982659,11.3968300808431,76.0
4277,0.4636427402384849,0.2681786298807575,0.2681786298807575,55.454228421970356,12.891213629197694,62.0
10303,0.44870426089488497,0.2756478695525575,0.2756478695525575,61.54788732394366,12.533946684115975,70.0
4235,0.48146399055489963,0.2592680047225502,0.2592680047225502,52.79143897996357,12.1826281828338,58.0
17882,0.43954814897662453,0.28022592551168773,0.28022592551168773,61.62482538415486,11.566891966598241,69.0
5141,0.47714452441159305,0.2614277377942035,0.2614277377942035,62.97172619047619,11.90409735868404,68.0
11602,0.4309601792794346,0.28451991036028274,0.28451991036028274,63.844895486216295,15.041018202360878,82.0
5115,0.47409579667644186,0.26295210166177907,0.26295210166177907,62.973977695167285,11.85802284275416,68.0
5194,0.47862918752406625,0.2606854062379669,0.2606854062379669,63.023633677991135,11.940313272091116,68.0
5149,0.47251893571567294,0.26374053214216353,0.26374053214216353,63.11413843888071,12.031356569391216,68.0
28990,0.42552604346326317,0.2872369782683684,0.2872369782683684,62.99339498018494,13.90209481587124,81.0
22079,0.449703338013497,0.27514833099325153,0.27514833099325153,64.34913580246914,13.540857137211228,76.0
8451,0.4601822269553899,0.26990888652230505,0.26990888652230505,65.09820254274442,12.90578958930703,79.0
1418,0.4837799717912553,0.25811001410437234,0.25811001410437234,59.24590163934426,12.005675894977477,61.0
17692,0.43126836988469364,0.2843658150576532,0.2843658150576532,63.210296163784534,15.008826043521001,83.0
44055,0.43861082737487234,0.28069458631256383,0.28069458631256383,62.834222869157365,14.323191736383558,84.0
21309,0.4438969449528368,0.2780515275235816,0.2780515275235816,63.550042194092825,12.754232605896297,75.0
54221,0.440364434444219,0.2798177827778905,0.2798177827778905,63.40673609280253,13.860418238630361,84.0
43137,0.4418248835106753,0.27908755824466236,0.27908755824466236,62.887532187058724,14.051285860028342,84.0
41624,0.43542187199692484,0.2822890640015376,0.2822890640015376,63.24365957446808,13.785442221626862,84.0
41246,0.4331086650826747,0.2834456674586627,0.2834456674586627,63.46454537678556,13.753490561085336,84.0
40822,0.4389789819215129,0.28051050903924357,0.28051050903924357,63.18269146799406,13.821831874534999,84.0
8760,0.44680365296803654,0.27659817351598176,0.27659817351598176,70.41560049525381,13.60091658775031,72.0
9393,0.4293622910678165,0.2853188544660918,0.2853188544660918,70.36194029850746,13.28402303058199,81.0
14867,0.4652586264881953,0.2673706867559023,0.2673706867559023,62.38842767295598,11.888605269906,60.0
25881,0.4637765155905877,0.2681117422047062,0.2681117422047062,66.58913388096268,12.669485775751374,71.0
18809,0.469296613323409,0.2653516933382955,0.2653516933382955,69.28070526948507,11.063121311780723,58.0
24064,0.4675033244680851,0.26624833776595747,0.26624833776595747,63.86343062275636,11.455899397103332,60.0
8175,0.4600611620795107,0.2699694189602446,0.2699694189602446,64.30267331218849,11.946562300736264,60.0
7577,0.46891909726804804,0.265540451365976,0.265540451365976,67.3906560636183,10.027074291829834,55.0
7705,0.47125243348475016,0.2643737832576249,0.2643737832576249,67.42562592047128,9.939532014888247,55.0
21522,0.4696589536288449,0.26517052318557754,0.26517052318557754,67.50078850534432,9.982819887813037,55.0
8908,0.46340368208352045,0.2682981589582398,0.2682981589582398,69.38953974895398,9.118107840070111,46.0
8223,0.4654019214398638,0.2672990392800681,0.2672990392800681,64.22793448589627,11.975574261811685,60.0
24206,0.470213996529786,0.264893001735107,0.264893001735107,63.908140985651904,11.461923287122715,60.0
8364,0.47058823529411764,0.2647058823529412,0.2647058823529412,64.27551942186089,11.996949573757394,60.0
22159,0.465770115979963,0.2671149420100185,0.2671149420100185,68.8773441459706,9.89407450092045,56.0
13787,0.4494813955175165,0.27525930224124173,0.27525930224124173,68.14545454545454,10.980419860543131,56.0
7822,0.462030171311685,0.2689849143441575,0.2689849143441575,69.00665399239544,9.483673855253894,51.0
9757,0.44860100440709233,0.2756994977964538,0.2756994977964538,68.30557620817844,10.987705470576323,56.0
30223,0.4625947126360719,0.26870264368196406,0.26870264368196406,67.87033616549687,10.748198040182361,58.0
22464,0.4700854700854701,0.26495726495726496,0.26495726495726496,68.91145833333333,9.88400755087414,56.0
7724,0.45701708959088555,0.2714914552045572,0.2714914552045572,68.96328087744396,9.473104578820001,51.0
5436,0.47498160412067697,0.26250919793966154,0.26250919793966154,69.42676944639103,8.6857904324237,48.0
27008,0.4618631516587678,0.2690684241706161,0.2690684241706161,67.95293793862668,10.89940432113271,58.0
8148,0.4587628865979381,0.2706185567010309,0.2706185567010309,67.83356009070295,10.52891314629898,53.0
24999,0.46165846633865354,0.2691707668306732,0.2691707668306732,66.0815871600535,10.504640990415323,61.0
25469,0.4645255015901684,0.26773724920491576,0.26773724920491576,66.1406364569585,10.46139089523656,59.0
25616,0.4654122423485322,0.2672938788257339,0.2672938788257339,66.13903899518037,10.462459997982055,61.0
4558,0.4598508117595437,0.27007459412022816,0.27007459412022816,66.16246953696182,11.041444195434016,56.0
20560,0.47217898832684824,0.2639105058365759,0.2639105058365759,66.509030593439,10.977627430343619,53.0
14466,0.4443522742983548,0.2778238628508226,0.2778238628508226,68.43319233640209,14.337130980187476,83.0
9034,0.47885764888200133,0.26057117555899934,0.26057117555899934,65.3411214953271,11.201769633516268,69.0
10356,0.45384318269602164,0.2730784086519892,0.2730784086519892,59.83239038189533,13.14878615897267,71.0
4055,0.481134401972873,0.2594327990135635,0.2594327990135635,68.45627376425855,10.671066589652348,53.0
19816,0.43480016148566814,0.28259991925716593,0.28259991925716593,66.46232142857143,14.516173552660817,83.0
7586,0.474031109939362,0.26298444503031904,0.26298444503031904,62.2015037593985,11.774552984692635,68.0
10449,0.45391903531438416,0.2730404823428079,0.2730404823428079,66.1310900806169,14.220152910366288,86.0
30818,0.46583165682393407,0.267084171588033,0.267084171588033,61.18090147005224,12.79454402892746,77.0
30629,0.4645597309739136,0.2677201345130432,0.2677201345130432,61.335,12.755337261653906,77.0
30849,0.46779474213102534,0.26610262893448733,0.26610262893448733,61.11012303569253,12.751571044761636,77.0
5865,0.4482523444160273,0.2758738277919864,0.2758738277919864,64.93881334981458,8.594092838640911,49.0
17264,0.4359360518999073,0.2820319740500463,0.2820319740500463,64.12487163688643,12.702983884007622,72.0
17236,0.429798097006266,0.28510095149686704,0.28510095149686704,64.32885632885633,12.724568579632205,70.0
17368,0.43309534776600644,0.2834523261169968,0.2834523261169968,55.5588056063376,17.12674980141596,77.0
17587,0.4422016262011713,0.27889918689941434,0.27889918689941434,54.59062181447503,17.46842188699109,77.0
26634,0.4338815048434332,0.2830592475782834,0.2830592475782834,69.10823716673299,18.103487561821915,80.0
25553,0.4325519508472586,0.2837240245763707,0.2837240245763707,68.62137931034482,17.78823201157167,80.0
21760,0.4328125,0.28359375,0.28359375,68.70604440123157,16.669165739768328,87.0
18264,0.44152431011826543,0.2792378449408673,0.2792378449408673,68.91254901960784,14.974782703996436,76.0
20169,0.41355545639347513,0.29322227180326244,0.29322227180326244,67.28187352045992,18.116899163848448,79.0
23953,0.42971652820106043,0.2851417358994698,0.2851417358994698,70.28784773060029,16.285960734228834,82.0
26977,0.43900359565555847,0.28049820217222077,0.28049820217222077,68.212369499141,17.95945583659835,80.0
7362,0.4667209997283347,0.26663950013583265,0.26663950013583265,66.8604177279674,12.937873306462382,75.0
38754,0.42803323527893894,0.2859833823605305,0.2859833823605305,64.93656952088784,16.39229778105375,81.0
2269,0.43940061701189953,0.28029969149405026,0.28029969149405026,61.48270440251572,19.085326847143794,81.0
2263,0.44410075121520104,0.27794962439239945,0.27794962439239945,61.18282988871224,18.662084810647663,81.0
17064,0.45065635255508674,0.27467182372245663,0.27467182372245663,61.8101130787284,12.946073184163199,75.0
14997,0.44135493765419753,0.27932253117290123,0.27932253117290123,60.99928383862497,14.030650534336973,82.0
18873,0.4552005510517671,0.2723997244741165,0.2723997244741165,66.73526551254619,15.548286449251883,77.0
11465,0.46027038813781074,0.26986480593109463,0.26986480593109463,69.03070458952811,13.009271258458167,72.0
14902,0.45470406656824586,0.27264796671587704,0.27264796671587704,61.41422594142259,13.553531551199997,75.0
18867,0.40753696931149624,0.29623151534425185,0.29623151534425185,65.21613884415817,19.33090339679926,87.0
24727,0.4360820156104663,0.28195899219476683,0.28195899219476683,68.85269650028687,17.548930526057827,83.0
7751,0.4715520577989937,0.26422397110050316,0.26422397110050316,61.6728515625,10.415649155829957,57.0
9702,0.45701917130488556,0.2714904143475572,0.2714904143475572,59.98709187547456,12.02619201061986,64.0
3773,0.4518950437317784,0.27405247813411077,0.27405247813411077,64.45647969052224,9.555930317967507,45.0
11000,0.42854545454545456,0.2857272727272727,0.2857272727272727,60.3445752465797,10.832420684974474,54.0
7311,0.4799617015456162,0.2600191492271919,0.2600191492271919,61.55076275644398,10.666587657919154,60.0
6524,0.4702636419374617,0.26486817903126914,0.26486817903126914,72.95601851851852,12.774138764896922,69.0
6461,0.47655161739668783,0.2617241913016561,0.2617241913016561,73.05736250739207,12.920706998065311,69.0
6480,0.4743827160493827,0.2628086419753086,0.2628086419753086,73.00645918966529,12.886535165758886,69.0
6431,0.4756647488726481,0.26216762556367595,0.26216762556367595,72.91221826809016,12.89162344714627,69.0
6604,0.48031496062992124,0.25984251968503935,0.25984251968503935,72.92890442890443,12.838138075383611,69.0
5815,0.4472914875322442,0.2763542562338779,0.2763542562338779,71.55382700684505,14.741858710324271,69.0
5854,0.4472155790912197,0.27639221045439016,0.27639221045439016,71.48949320148331,14.671860367402608,69.0
6000,0.45,0.275,0.275,71.67939393939393,14.648805916667941,69.0
22472,0.44277322890708437,0.2786133855464578,0.2786133855464578,62.3579300431241,14.768829755225058,79.0
23061,0.4409609297081653,0.2795195351459174,0.2795195351459174,62.36565311821285,14.830363334616305,81.0
3905,0.4565941101152369,0.27170294494238156,0.27170294494238156,61.70122525918944,10.546887744735857,51.0
6601,0.4340251477048932,0.2829874261475534,0.2829874261475534,62.933618843683085,10.411083924767528,66.0
4390,0.4437357630979499,0.27813211845102503,0.27813211845102503,59.47665847665848,10.55614003108737,65.0
1883,0.4593733404142326,0.2703133297928837,0.2703133297928837,62.54223968565815,10.210009134955317,53.0
20472,0.4493942946463462,0.27530285267682686,0.27530285267682686,63.659155429382544,10.220599420579063,72.0
7071,0.4798472634705134,0.26007636826474334,0.26007636826474334,67.04730831973899,12.847261937934238,69.0
6911,0.47851251627839675,0.2607437418608016,0.2607437418608016,66.84461709211986,12.863504647778335,69.0
8397,0.4595688936524949,0.2702155531737525,0.2702155531737525,62.71617452622301,9.34107673588388,54.0
10178,0.42876793083120457,0.2856160345843977,0.2856160345843977,59.72755417956656,13.466724689386194,76.0
5464,0.47767203513909223,0.26116398243045386,0.26116398243045386,63.236860546601264,11.359017951054032,67.0
8179,0.47964298814035944,0.2601785059298203,0.2601785059298203,65.75281954887218,11.475209940474453,71.0
6634,0.4706059692493217,0.2646970153753392,0.2646970153753392,58.683940774487475,11.080354342341467,65.0
5694,0.47383210396909026,0.26308394801545487,0.26308394801545487,68.49198931909213,13.578098378958336,77.0
10288,0.43409797822706064,0.2829510108864697,0.2829510108864697,59.9501889385091,13.639891600394778,76.0
7037,0.4815972715645872,0.2592013642177064,0.2592013642177064,66.96436403508773,12.86098674589181,69.0
18310,0.4399781540141999,0.28001092299290004,0.28001092299290004,66.36824653793641,14.416542511247915,80.0
5458,0.48222792231586664,0.2588860388420667,0.2588860388420667,63.26822363765039,11.407008661206358,67.0
18573,0.4522155817584666,0.2738922091207667,0.2738922091207667,63.857283271083155,14.143569973149486,78.0
17712,0.45505871725383923,0.2724706413730804,0.2724706413730804,63.68421052631579,13.974836310494632,76.0
18125,0.45213793103448274,0.27393103448275863,0.27393103448275863,63.86344410876133,14.076724127304681,73.0
44377,0.44565878720959057,0.27717060639520474,0.27717060639520474,63.36991869918699,13.10714095048303,62.0
4811,0.4653918104344211,0.26730409478278944,0.26730409478278944,62.88802488335925,9.964707378745015,46.0
7497,0.45738295318127253,0.27130852340936373,0.27130852340936373,62.829400196656835,10.196394996680848,48.0
7563,0.47348935607563136,0.2632553219621843,0.2632553219621843,62.731793068809644,10.277436665786798,48.0
7468,0.45527584359935724,0.2723620782003214,0.2723620782003214,62.77187807276303,10.197994467693546,48.0
7724,0.47307094769549457,0.26346452615225274,0.26346452615225274,62.8004914004914,10.200375758088102,48.0
7092,0.4624929498025945,0.26875352509870276,0.26875352509870276,61.90293809024134,9.552007187767389,46.0
7093,0.4617228253207388,0.26913858733963064,0.26913858733963064,61.91461498166579,9.540766992470562,46.0
7241,0.4741057864935782,0.26294710675321087,0.26294710675321087,61.94957983193277,9.541736042996321,46.0
7142,0.46849621954634557,0.2657518902268272,0.2657518902268272,61.93888303477345,9.546870413122264,46.0
8833,0.47288576927431225,0.2635571153628439,0.2635571153628439,61.97852233676976,9.607077102977756,46.0
9207,0.4717063104159878,0.26414684479200606,0.26414684479200606,62.15666118421053,9.556732266599656,46.0
8833,0.47039510924940564,0.2648024453752972,0.2648024453752972,62.020949123557074,9.601864342024657,46.0
9068,0.470666078517865,0.2646669607410675,0.2646669607410675,62.01833333333333,9.609873250407047,46.0
8817,0.4682998752410117,0.26585006237949416,0.26585006237949416,62.00554607508533,9.60981366776202,46.0
38292,0.4459939412932205,0.2770030293533897,0.2770030293533897,64.60243235599133,13.801391467994613,72.0
27323,0.44427771474581856,0.2778611426270907,0.2778611426270907,61.82336670179136,13.914688770730322,82.0
14721,0.45520005434413424,0.2723999728279329,0.2723999728279329,60.74413965087282,14.843905080044987,79.0
54224,0.4327604012983181,0.283619799350841,0.283619799350841,64.97106443852006,15.537850819654514,79.0
57034,0.4328295402742224,0.2835852298628888,0.2835852298628888,65.10931124026214,15.707148870549316,79.0
14024,0.46962350256702795,0.265188248716486,0.265188248716486,67.49825221833827,11.071763982644963,60.0
27851,0.4568956231374098,0.2715521884312951,0.2715521884312951,68.67010445590374,10.453323404512222,60.0
5378,0.46374116772034213,0.26812941613982894,0.26812941613982894,66.24549237170596,9.207994766218809,52.0
7237,0.474091474367832,0.26295426281608403,0.26295426281608403,67.92012611665791,9.241657247249233,59.0
44346,0.45081856311730484,0.2745907184413476,0.2745907184413476,63.34458405190112,13.163141835227414,62.0
15256,0.4556895647614054,0.27215521761929734,0.27215521761929734,61.71411368015414,14.21609014165941,60.0
44442,0.44957472660996356,0.2752126366950182,0.2752126366950182,63.41721854304636,13.186560120722067,63.0
14095,0.4549840368925151,0.27250798155374245,0.27250798155374245,60.5170528508201,13.194449586086925,60.0
14147,0.45062557432671235,0.2746872128366438,0.2746872128366438,60.599588265568705,13.190291031432244,61.0
42534,0.4552123007476372,0.2723938496261814,0.2723938496261814,61.74572760227861,12.005274293741525,60.0
14018,0.4562705093451277,0.27186474532743615,0.27186474532743615,60.5258462345841,13.238662677546767,60.0
24300,0.45382716049382715,0.2730864197530864,0.2730864197530864,63.97242314647378,12.389681690518755,68.0
9358,0.438341525967087,0.2808292370164565,0.2808292370164565,64.17085235920852,13.51179493886104,68.0
9508,0.44783340344972655,0.2760832982751367,0.2760832982751367,64.21676190476191,13.43127356264994,68.0
44971,0.45302528296012984,0.27348735851993505,0.27348735851993505,63.467436376941215,13.086016095159792,62.0
28669,0.44302207959817225,0.2784889602009139,0.2784889602009139,66.22745490981964,14.756358560682028,81.0
29315,0.4298482005799079,0.28507589971004604,0.28507589971004604,66.21108053129113,14.716797868996784,81.0
28907,0.4348773653440343,0.28256131732798284,0.28256131732798284,66.06598922624877,14.572320540371177,81.0
9730,0.47687564234326824,0.26156217882836585,0.26156217882836585,61.22946954813359,9.375342608726255,46.0
9713,0.4683413981262226,0.2658293009368887,0.2658293009368887,61.27188226181255,9.221584542607376,46.0
45598,0.45585332690030267,0.27207333654984867,0.27207333654984867,61.507496372722876,11.071844880593186,70.0
3636,0.4801980198019802,0.2599009900990099,0.2599009900990099,56.25396825396825,9.755695534613182,56.0
40324,0.44975696855470687,0.27512151572264654,0.27512151572264654,63.29853975121687,11.456296575990967,75.0
44112,0.4510790714544795,0.2744604642727603,0.2744604642727603,63.37738498389361,11.43888103530825,74.0
39704,0.4518940157163006,0.2740529921418497,0.2740529921418497,63.40189320834482,11.2766121476011,74.0
33523,0.42678161262416847,0.28660919368791576,0.28660919368791576,62.149562864279766,13.503453771373582,78.0
6589,0.47275762634694185,0.2636211868265291,0.2636211868265291,62.360391479562466,13.239140408818765,68.0
6467,0.45848152157105304,0.2707592392144735,0.2707592392144735,62.23814962878355,13.15061656107773,68.0
6596,0.4633110976349303,0.26834445118253486,0.26834445118253486,62.33672316384181,13.000767317518827,68.0
9033,0.43274659581534375,0.28362670209232815,0.28362670209232815,64.53005464480874,16.51931173930971,75.0
9460,0.4338266384778013,0.2830866807610994,0.2830866807610994,64.62023898431666,16.378011989145637,75.0
9070,0.432194046306505,0.28390297684674753,0.28390297684674753,64.67145631067962,16.601883763028248,75.0
8943,0.4420216929442022,0.27898915352789894,0.27898915352789894,63.72424849699399,16.424165720840254,75.0
4373,0.45986736793962957,0.2700663160301852,0.2700663160301852,57.90685859441152,12.618943142488165,67.0
41974,0.4481822080335446,0.2759088959832277,0.2759088959832277,62.92833088679734,14.413300958040145,84.0
10465,0.3945532728141424,0.3027233635929288,0.3027233635929288,67.25852272727273,15.071790220273366,77.0
4054,0.4750863344844598,0.2624568327577701,0.2624568327577701,69.72368421052632,10.855370243263106,69.0
10666,0.443465216576036,0.278267391711982,0.278267391711982,67.11927223719677,12.578323051627988,83.0
10450,0.4495693779904306,0.2752153110047847,0.2752153110047847,67.1470792767733,12.502778348615372,81.0
10434,0.4494920452367261,0.275253977381637,0.275253977381637,67.06789693593315,12.459122018923084,81.0
6158,0.41961675868788567,0.29019162065605714,0.29019162065605714,63.09345271404589,13.239547373669067,70.0
16397,0.4461181923522596,0.2769409038238702,0.2769409038238702,67.55912794538648,13.362324760340426,84.0
6098,0.421449655624795,0.2892751721876025,0.2892751721876025,62.92290249433107,12.841734919700773,70.0
18542,0.4664006040340848,0.2667996979829576,0.2667996979829576,66.37153830604407,10.485207775186904,57.0
28208,0.4727736812251844,0.2636131593874078,0.2636131593874078,67.00954814416353,11.538778096367198,60.0
28495,0.46959115634321813,0.26520442182839093,0.26520442182839093,66.95064178906973,11.420705964622284,60.0
28616,0.47351132233715404,0.26324433883142295,0.26324433883142295,66.91304924996682,11.417508099691531,60.0
2741,0.4739146296971908,0.2630426851514046,0.2630426851514046,79.51040221914009,10.739131652945764,62.0
3038,0.48452929558920343,0.2577353522053983,0.2577353522053983,64.26436781609195,10.048431624511176,57.0
13587,0.46301611834842127,0.26849194082578937,0.26849194082578937,61.620065789473685,13.5171817560929,68.0
14351,0.45954985715281166,0.2702250714235942,0.2702250714235942,61.19468798349665,13.73468494523006,68.0
15267,0.46813388353966073,0.26593305823016966,0.26593305823016966,61.96305418719212,13.783284462471867,68.0
13646,0.4675362743661146,0.2662318628169427,0.2662318628169427,61.7140104596752,13.549329361273585,68.0
28904,0.4649875449764738,0.26750622751176306,0.26750622751176306,67.41476978789447,13.18219080166036,77.0
9480,0.39156118143459917,0.3042194092827004,0.3042194092827004,60.1380027739251,14.269681579392236,76.0
7120,0.46713483146067414,0.26643258426966293,0.26643258426966293,71.0263574064312,11.011056937037388,78.0
10326,0.47123765252760025,0.2643811737361999,0.2643811737361999,65.92564102564103,11.838843144778487,74.0
10359,0.46442706824983104,0.2677864658750845,0.2677864658750845,71.97656813266042,13.088290348340918,76.0
30367,0.45104883590739947,0.27447558204630024,0.27447558204630024,64.78512297540492,13.068249416096776,83.0
1411,0.481218993621545,0.2593905031892275,0.2593905031892275,61.9207650273224,11.551346784227686,63.0
28225,0.4532506643046944,0.2733746678476528,0.2733746678476528,64.99222395023328,11.929590468673307,81.0
3201,0.44892221180880976,0.2755388940955951,0.2755388940955951,67.44671201814059,11.715930752904882,58.0
4305,0.48292682926829267,0.25853658536585367,0.25853658536585367,68.52920035938904,9.763294711281382,56.0
1965,0.4860050890585242,0.25699745547073793,0.25699745547073793,65.53663366336633,10.350833158911376,42.0
7118,0.4762573756673223,0.26187131216633885,0.26187131216633885,68.71298283261802,9.815121627465297,52.0
5121,0.4626049599687561,0.26869752001562197,0.26869752001562197,69.43095930232558,9.193551880136551,53.0
6389,0.4459226796055721,0.27703866019721396,0.27703866019721396,67.44350282485875,10.734201379499163,53.0
6378,0.4568830354343054,0.2715584822828473,0.2715584822828473,67.22632794457274,10.603261063301092,53.0
4206,0.4793152639087018,0.2603423680456491,0.2603423680456491,68.25205479452055,10.085861204400965,48.0
6423,0.4703409621672116,0.2648295189163942,0.2648295189163942,67.73956496178718,9.564583752687938,51.0
3169,0.4572420321868097,0.27137898390659515,0.27137898390659515,67.95813953488373,9.668487112795749,51.0
4340,0.47972350230414745,0.26013824884792625,0.26013824884792625,68.55270150575731,9.72141237230056,56.0
6791,0.46399646591076427,0.26800176704461787,0.26800176704461787,65.12582417582418,12.299338547919502,49.0
15562,0.46613545816733065,0.26693227091633465,0.26693227091633465,65.67164179104478,11.516103307468931,56.0
29782,0.4441609025585924,0.2779195487207038,0.2779195487207038,60.88389513108614,12.56335123586941,65.0
10370,0.46248794599807136,0.2687560270009643,0.2687560270009643,74.24219590958019,13.231123100498696,77.0
11125,0.4432359550561798,0.27838202247191013,0.27838202247191013,71.18695511785599,15.803245692660417,73.0
12134,0.45656832042195483,0.2717158397890226,0.2717158397890226,72.13406126781923,14.151298502016799,76.0
12335,0.45374949331171466,0.27312525334414267,0.27312525334414267,71.96556841792817,14.339893084352747,76.0
11082,0.439631835408771,0.28018408229561453,0.28018408229561453,71.22576489533012,15.854051929370813,72.0
11099,0.43670600955040995,0.281646995224795,0.281646995224795,71.18746001279591,15.91727402611469,72.0
30561,0.4339844900363208,0.2830077549818396,0.2830077549818396,68.08058735113886,16.799872922539166,79.0
30957,0.4330846012210485,0.28345769938947574,0.28345769938947574,67.45823361823362,16.96253771606078,79.0
59373,0.42849443349670724,0.2857527832516464,0.2857527832516464,65.64953436284334,16.617965937407053,85.0
54541,0.42927339066023723,0.28536330466988136,0.28536330466988136,65.53129015677204,16.319961906323595,78.0
17020,0.42784958871915396,0.28607520564042305,0.28607520564042305,65.92421441774492,16.500932186244,76.0
14700,0.44802721088435377,0.27598639455782314,0.27598639455782314,65.39018979541534,16.100844768406155,76.0
14953,0.4423861432488464,0.2788069283755768,0.2788069283755768,65.62197169585032,16.30827265869248,76.0
18032,0.43300798580301686,0.2834960070984916,0.2834960070984916,62.710093896713616,15.133446303396576,77.0
6991,0.4532970962666285,0.27335145186668575,0.27335145186668575,62.242281527995814,13.153460121275199,72.0
20437,0.40265205264960613,0.29867397367519694,0.29867397367519694,64.33109436435124,15.91662962662966,84.0
20908,0.4123780371149799,0.29381098144251006,0.29381098144251006,64.72000651147648,16.460947382672217,84.0
21520,0.4060408921933085,0.29697955390334574,0.29697955390334574,64.56407447973713,15.931119883379958,83.0
15187,0.4517679594389939,0.2741160202805031,0.2741160202805031,64.65745856353591,16.209633881790683,74.0
14586,0.4385026737967914,0.2807486631016043,0.2807486631016043,65.31013431013432,16.219331005703012,80.0
17913,0.4417462178306258,0.2791268910846871,0.2791268910846871,60.8192,11.47671169630047,77.0
10605,0.4591230551626591,0.2704384724186704,0.2704384724186704,62.54881450488145,10.129258165311937,64.0
55130,0.42535824415019047,0.2873208779249048,0.2873208779249048,63.36060606060606,14.898609813676083,74.0
16384,0.4443359375,0.27783203125,0.27783203125,67.93409490333919,14.720105600532138,72.0
16501,0.4452457426822617,0.27737712865886915,0.27737712865886915,67.88398514310684,14.849631542205326,74.0
15860,0.4600252206809584,0.2699873896595208,0.2699873896595208,65.69126576366185,13.330542951103654,65.0
15549,0.4547559328574185,0.2726220335712908,0.2726220335712908,65.58079735786743,13.499076680306338,66.0
4146,0.4645441389290883,0.26772793053545585,0.26772793053545585,69.4981981981982,12.673143071553671,65.0
15617,0.4480373951463149,0.27598130242684255,0.27598130242684255,65.39582366589327,13.423191525314937,65.0
16180,0.4530284301606922,0.2734857849196539,0.2734857849196539,65.17152542372881,13.447607580922474,65.0
9742,0.4576062410182714,0.2711968794908643,0.2711968794908643,60.86903860711582,10.431977264328918,56.0
9761,0.46214527200081956,0.2689273639995902,0.2689273639995902,60.91428571428571,10.448234561024025,56.0
25966,0.4533620888854656,0.2733189555572672,0.2733189555572672,64.1049739326476,13.228190924856364,72.0
8837,0.465203123231866,0.267398438384067,0.267398438384067,63.40076174354634,13.832586453807451,71.0
8923,0.46834024431245097,0.26582987784377454,0.26582987784377454,63.39671163575042,13.843282296288018,71.0
11124,0.4487594390507012,0.2756202804746494,0.2756202804746494,64.66960208741031,12.483548298442718,69.0
35502,0.4487071150921075,0.27564644245394626,0.27564644245394626,62.294195789903945,14.000160615998118,75.0
19864,0.4464357631896899,0.27678211840515504,0.27678211840515504,60.680247362677335,13.895440988285623,72.0
12958,0.4491433863250502,0.27542830683747493,0.27542830683747493,61.856822639394785,12.59138449092694,69.0
25485,0.42923288208750243,0.2853835589562488,0.2853835589562488,64.74549704386085,12.250950375355963,74.0
39512,0.44958493622190726,0.27520753188904634,0.27520753188904634,60.93645392679787,13.33535244926269,72.0
16314,0.4446487679293858,0.2776756160353071,0.2776756160353071,66.8673289183223,14.333040178838278,84.0
55051,0.4284209187843999,0.28578954060780004,0.28578954060780004,63.336363058539376,14.844031104629673,74.0
9804,0.4606283149734802,0.2696858425132599,0.2696858425132599,62.864599092284415,9.995300076985462,62.0
9762,0.4560540872771973,0.27197295636140134,0.27197295636140134,62.619209039548025,9.932806650788697,64.0
15775,0.4377179080824089,0.2811410459587956,0.2811410459587956,60.66516347237881,11.982924413928227,76.0
7687,0.4507610251073241,0.27461948744633796,0.27461948744633796,57.5873993368072,14.706759835256001,68.0
7580,0.4395778364116095,0.28021108179419524,0.28021108179419524,57.77024482109228,14.686361318968247,68.0
7683,0.4562020044253547,0.2718989977873227,0.2718989977873227,57.65916706558162,14.731217637166761,68.0
7753,0.452083064620147,0.2739584676899265,0.2739584676899265,57.55743879472693,14.719569338146114,68.0
7745,0.44893479664299546,0.27553260167850224,0.27553260167850224,57.75585754451734,14.848055827165489,70.0
4731,0.4690340308602832,0.26548298456985836,0.26548298456985836,60.22452229299363,14.611494382297037,70.0
6677,0.4668264190504718,0.26658679047476413,0.26658679047476413,62.19550561797753,9.684516892492866,57.0
6113,0.46114837232128253,0.26942581383935876,0.26942581383935876,56.79234972677595,13.236372942550805,63.0
9077,0.47846204693180566,0.26076897653409714,0.26076897653409714,63.23658639628221,12.227002185026784,64.0
9113,0.47306046307472843,0.2634697684626358,0.2634697684626358,63.418992086630574,12.23054420548011,64.0
5998,0.4691563854618206,0.2654218072690897,0.2654218072690897,57.09861809045226,13.3275208557585,63.0
4322,0.4757056918093475,0.26214715409532624,0.26214715409532624,63.88526037069727,11.762547856708965,74.0
15880,0.4142317380352645,0.29288413098236776,0.29288413098236776,59.837669318426144,11.923450028210528,67.0
26667,0.42610717366032924,0.2869464131698354,0.2869464131698354,60.574882383690536,14.275855993544647,76.0
21861,0.4377201408901697,0.2811399295549151,0.2811399295549151,61.47868532378783,14.925663006025768,76.0
21838,0.42513050645663525,0.2874347467716824,0.2874347467716824,61.40130635653975,15.05621196599581,76.0
23441,0.45471609572970434,0.2726419521351478,0.2726419521351478,62.2013769363167,12.023173185847666,77.0
22018,0.4546280316105005,0.27268598419474976,0.27268598419474976,61.90273151232512,12.168380591094548,77.0
23060,0.4464874241110147,0.27675628794449264,0.27675628794449264,62.23299905985584,12.053303545296627,77.0
23254,0.4502451191192913,0.27487744044035434,0.27487744044035434,62.38532540675845,12.091950225286503,77.0
20240,0.45701581027667987,0.2714920948616601,0.2714920948616601,66.5088262056415,13.87050025850239,72.0
20063,0.44923491003339483,0.2753825449833026,0.2753825449833026,66.41321266968326,13.859512540807442,72.0
50988,0.4445751941633326,0.2777124029183337,0.2777124029183337,59.92104519774011,12.961693149548092,78.0
41642,0.432015753325969,0.2839921233370155,0.2839921233370155,59.45374598342635,12.941859603865563,78.0
12860,0.4399688958009331,0.28001555209953344,0.28001555209953344,66.04998611496806,13.096749783867121,72.0
12097,0.45920476151111844,0.2703976192444408,0.2703976192444408,62.291653928462246,10.789100818402648,48.0
5100,0.4654901960784314,0.26725490196078433,0.26725490196078433,61.42406456346295,9.713613393932146,47.0
4972,0.47144006436041835,0.26427996781979085,0.26427996781979085,64.63394216133942,10.75147953358226,47.0
5835,0.47112253641816626,0.26443873179091687,0.26443873179091687,62.11211924821776,10.23019571282904,48.0
5761,0.4587745183127929,0.27061274084360354,0.27061274084360354,62.09942270686337,10.217945371773583,48.0
10374,0.4584538268748795,0.2707730865625603,0.2707730865625603,62.5938056247775,9.963006194095858,55.0
10707,0.4498925936303353,0.27505370318483235,0.27505370318483235,62.4597623089983,9.963353596258653,48.0
10370,0.47193828351012534,0.2640308582449373,0.2640308582449373,63.33308984660336,9.963304147343296,46.0
5563,0.46144166816465937,0.2692791659176703,0.2692791659176703,64.3237650200267,10.547558198723785,45.0
5663,0.465301077167579,0.26734946141621047,0.26734946141621047,64.03830911492734,10.878146322711352,57.0
6867,0.4687636522498908,0.2656181738750546,0.2656181738750546,64.7905701754386,10.555772870944606,45.0
7594,0.4716881748749012,0.2641559125625494,0.2641559125625494,63.18195413758724,9.912794906650012,46.0
7539,0.46358933545563075,0.2682053322721846,0.2682053322721846,63.759643916913944,9.994191857874158,48.0
5227,0.47426822268987945,0.2628658886550603,0.2628658886550603,65.06914119359534,10.80327028721167,47.0
5041,0.4628049990081333,0.26859750049593334,0.26859750049593334,61.42466765140325,9.74538545878801,47.0
4910,0.44643584521384927,0.27678207739307537,0.27678207739307537,61.39514348785872,9.72509584998551,47.0
5177,0.47189491983774384,0.26405254008112805,0.26405254008112805,61.42794440380395,9.690176796758257,47.0
47181,0.43553549098153915,0.2822322545092304,0.2822322545092304,65.24804746170021,15.136570878302997,77.0
9726,0.4608266502159161,0.26958667489204197,0.26958667489204197,65.15217391304348,10.894898396202498,55.0
8364,0.4634146341463415,0.2682926829268293,0.2682926829268293,68.06907308377896,9.489986599826707,58.0
8577,0.46997784773230733,0.26501107613384633,0.26501107613384633,68.01187857457106,9.478358411093865,58.0
8549,0.46987951807228917,0.26506024096385544,0.26506024096385544,67.99646954986761,9.533144016742517,58.0
6072,0.47266139657444006,0.26366930171277997,0.26366930171277997,68.57089319175515,10.080878542770394,56.0
9764,0.4623105284719377,0.2688447357640311,0.2688447357640311,65.16571428571429,10.929643644880725,55.0
8298,0.4567365630272355,0.27163171848638223,0.27163171848638223,66.47604259094942,10.091511326005957,57.0
20018,0.43430912179038866,0.2828454391048057,0.2828454391048057,62.64111621335217,12.885255279918608,60.0
19906,0.4337385712850397,0.28313071435748016,0.28313071435748016,62.8458126330731,12.981185620885006,60.0
9846,0.47003859435303674,0.26498070282348163,0.26498070282348163,65.90762744346493,11.685293575200665,58.0
11887,0.46260620846302686,0.2686968957684866,0.2686968957684866,61.30338134001252,11.32215984395646,58.0
14621,0.4648792832227618,0.26756035838861914,0.26756035838861914,61.11963190184049,13.047890515300494,58.0
11719,0.44295588360781635,0.2785220581960918,0.2785220581960918,60.65502450980392,11.787507376305564,59.0
12101,0.443021237914222,0.278489381042889,0.278489381042889,60.5513353115727,11.62249454818461,59.0
11777,0.43415131187908634,0.2829243440604568,0.2829243440604568,60.56572629051621,11.689749436128427,59.0
11718,0.43573988735279057,0.2821300563236047,0.2821300563236047,60.61252268602541,11.685439587570016,59.0
28830,0.44828303850156087,0.27585848074921954,0.27585848074921954,61.15050924179555,11.619890639469311,60.0
11974,0.45899448805745785,0.2705027559712711,0.2705027559712711,61.70206853967274,11.874556537967301,60.0
11823,0.4564831261101243,0.27175843694493784,0.27175843694493784,61.76252723311547,11.863758813969419,60.0
41340,0.4578132559264635,0.27109337203676825,0.27109337203676825,60.82368162755421,12.337023908109174,60.0
11928,0.4533869885982562,0.2733065057008719,0.2733065057008719,61.70920245398773,11.886455713343235,60.0
15859,0.44914559556088024,0.27542720221955985,0.27542720221955985,64.2827380952381,12.037352375410224,60.0
15911,0.4535855697316322,0.2732072151341839,0.2732072151341839,64.29537612146308,11.964989348433624,60.0
21739,0.4642807856847141,0.26785960715764295,0.26785960715764295,63.882534775888715,11.713284749959927,61.0
15590,0.45105837075048105,0.2744708146247595,0.2744708146247595,64.3227389577004,11.949231407170572,60.0
7863,0.4630548136843444,0.2684725931578278,0.2684725931578278,61.49786830885836,12.148998793139041,60.0
7755,0.4550612508059317,0.2724693745970342,0.2724693745970342,61.35021296734501,12.018144556552343,59.0
31166,0.4554322017583264,0.27228389912083684,0.27228389912083684,61.3221777044544,13.142769964055232,62.0
37648,0.45479175520611986,0.2726041223969401,0.2726041223969401,60.92224495761473,12.285624262806559,62.0
15814,0.449222208169976,0.27538889591501203,0.27538889591501203,64.1910447761194,12.051621180408315,60.0
21154,0.4561785005199962,0.2719107497400019,0.2719107497400019,61.325625869262865,11.909349177641548,62.0
16880,0.4537914691943128,0.2731042654028436,0.2731042654028436,64.42603036876356,16.447294883076616,74.0
16154,0.45487185836325367,0.27256407081837314,0.27256407081837314,64.5078355666591,16.103010438744473,74.0
20307,0.43507165016989213,0.28246417491505393,0.28246417491505393,61.616980474198044,12.262297118868792,70.0
41922,0.4604265063689709,0.2697867468155145,0.2697867468155145,61.713262599469495,12.995541337723662,72.0
15418,0.433389544688027,0.28330522765598654,0.28330522765598654,61.24152930402931,11.047539076158598,66.0
21485,0.4295555038398883,0.28522224808005586,0.28522224808005586,65.18407310704961,12.357281639562139,77.0
29298,0.4357294013243225,0.28213529933783876,0.28213529933783876,64.78683764819743,12.111878698436024,77.0
21436,0.4240529949617466,0.2879735025191267,0.2879735025191267,65.1276526810303,12.37881093887388,77.0
22201,0.42624206116841584,0.2868789694157921,0.2868789694157921,65.37352802637777,12.393837938476784,77.0
28346,0.43251252381288363,0.2837437380935582,0.2837437380935582,64.76799701603879,12.040500484817677,77.0
13715,0.44279985417426176,0.27860007291286915,0.27860007291286915,61.716566343889035,13.509600348769322,80.0
11165,0.43502015226153157,0.2824899238692342,0.2824899238692342,62.07006975269499,14.339964979724959,70.0
11040,0.44619565217391305,0.2769021739130435,0.2769021739130435,61.656853123977754,14.49536082404928,70.0
13682,0.4161672270135945,0.29191638649320273,0.29191638649320273,61.04581872809214,13.369096937436487,81.0
13570,0.4182756079587325,0.29086219602063373,0.29086219602063373,60.98733215100076,13.697641326490638,81.0
13949,0.43451143451143454,0.28274428274428276,0.28274428274428276,60.775608519269774,13.656132793181179,81.0
10047,0.43266646760226934,0.2836667661988653,0.2836667661988653,67.60912280701754,11.990969742722369,81.0
12813,0.4043549520018731,0.29782252399906345,0.29782252399906345,60.005765199161424,14.191301861474335,80.0
4701,0.46904913848117424,0.2654754307594129,0.2654754307594129,66.4775641025641,11.929257685966824,69.0
5114,0.4524833789597184,0.27375831052014077,0.27375831052014077,66.71357142857143,12.053634370206035,72.0
9190,0.42524483133841134,0.28737758433079436,0.28737758433079436,59.89397955319954,11.297068044953274,79.0
6058,0.46252888742159126,0.26873555628920437,0.26873555628920437,71.30466830466831,11.18124319282756,76.0
13975,0.46318425760286225,0.26840787119856885,0.26840787119856885,66.55878432418022,10.4929015634164,58.0
10756,0.47006322052807736,0.2649683897359613,0.2649683897359613,68.10736842105263,10.33843357884868,60.0
10834,0.46963263799150823,0.2651836810042459,0.2651836810042459,68.1740341106857,10.335832846708831,60.0
10563,0.464546056991385,0.26772697150430746,0.26772697150430746,68.13826025459689,10.352536608449991,60.0
6845,0.46471877282688095,0.26764061358655955,0.26764061358655955,65.87663755458516,11.365506501645186,57.0
9664,0.4679221854304636,0.2660389072847682,0.2660389072847682,65.89303772851031,11.182367652460544,57.0
3346,0.4769874476987448,0.2615062761506276,0.2615062761506276,63.29942857142857,9.463164660289658,55.0
